run_id,cohort,task_id,number,model,policy,delay_s,repeat,deadline_s,snapshot_index,hidden_status,baseline_status,gain,trajectory_status,stop_reason,censored,guard_reason,snapshot_status,selected_identity,selected_available_s,selected_public_passed,snapshot_callback_s,snapshot_persisted_s,snapshot_lag_s,prefix_known_cost_cny,prefix_unknown_requests,prefix_unknown_liability_cny,known_cost_before_selection_cny,before_selection_unknown_requests,before_selection_unknown_liability_cny,known_cost_after_selection_cny,after_selection_unknown_requests,after_selection_unknown_liability_cny,known_cost_after_cutoff_cny,after_cutoff_unknown_requests,after_cutoff_unknown_liability_cny,requests_dispatched_before_cutoff,requests_after_selection,first_attempt_failure_stratum
native-001-he55-deepseek-flash-resample-delay1-rep1,native,HumanEval/55,55,deepseek-flash,resample,1,1,5.0,0,pass,pass,0,complete,,False,,frozen,native-001-he55-deepseek-flash-resample-delay1-rep1/attempt-01,3.579697868000011,3,5.0005240150000105,5.022952170000011,0.0005240150000105359,0.0027312,0,0,0.0014376,0,0,0.0012936,0,0,0.0040152,0,0,2,1,False
native-001-he55-deepseek-flash-resample-delay1-rep1,native,HumanEval/55,55,deepseek-flash,resample,1,1,15.0,1,pass,pass,0,complete,,False,,frozen,native-001-he55-deepseek-flash-resample-delay1-rep1/attempt-01,3.579697868000011,3,15.00083235400001,15.017490488000007,0.0008323540000105822,0.0067464,0,0,0.0014376,0,0,0.0053088,0,0,0,0,0,5,4,False
native-002-he55-deepseek-v4-pro-repair-delay0-rep1,native,HumanEval/55,55,deepseek-v4-pro,repair,0,1,5.0,0,pass,pass,0,complete,,False,,frozen,native-002-he55-deepseek-v4-pro-repair-delay0-rep1/attempt-01,2.508593234999992,3,5.001039336999995,5.014677019000004,0.001039336999994589,0.010288256,0,0,0.00455136,0,0,0.005736896,0,0,0.015150080,0,0,2,1,False
native-002-he55-deepseek-v4-pro-repair-delay0-rep1,native,HumanEval/55,55,deepseek-v4-pro,repair,0,1,15.0,1,pass,pass,0,complete,,False,,frozen,native-002-he55-deepseek-v4-pro-repair-delay0-rep1/attempt-01,2.508593234999992,3,15.000846858000003,15.014687534999993,0.0008468580000027259,0.025438336,0,0,0.00455136,0,0,0.020886976,0,0,0,0,0,6,5,False
native-003-he55-deepseek-flash-repair-delay1-rep1,native,HumanEval/55,55,deepseek-flash,repair,1,1,5.0,0,pass,pass,0,complete,,False,,frozen,native-003-he55-deepseek-flash-repair-delay1-rep1/attempt-01,2.6654079879999983,3,5.001769083000013,5.015060598999995,0.0017690830000134383,0.002811744,0,0,0.0012648,0,0,0.001546944,0,0,0.003737664,0,0,2,1,False
native-003-he55-deepseek-flash-repair-delay1-rep1,native,HumanEval/55,55,deepseek-flash,repair,1,1,15.0,1,pass,pass,0,complete,,False,,frozen,native-003-he55-deepseek-flash-repair-delay1-rep1/attempt-01,2.6654079879999983,3,15.002839264000002,15.015397778999997,0.0028392640000021174,0.006549408,0,0,0.0012648,0,0,0.005284608,0,0,0,0,0,5,4,False
native-004-he55-deepseek-v4-pro-resample-delay0-rep1,native,HumanEval/55,55,deepseek-v4-pro,resample,0,1,5.0,0,pass,pass,0,complete,,False,,frozen,native-004-he55-deepseek-v4-pro-resample-delay0-rep1/attempt-01,2.931343541000018,3,5.00314558300002,5.015365569000011,0.0031455830000197693,0.006901312,0,0,0.003561536,0,0,0.003339776,0,0,0.013707584,0,0,2,1,False
native-004-he55-deepseek-v4-pro-resample-delay0-rep1,native,HumanEval/55,55,deepseek-v4-pro,resample,0,1,15.0,1,pass,pass,0,complete,,False,,frozen,native-004-he55-deepseek-v4-pro-resample-delay0-rep1/attempt-01,2.931343541000018,3,15.000671249000021,15.013067073000002,0.0006712490000211346,0.020608896,0,0,0.003561536,0,0,0.017047360,0,0,0,0,0,6,5,False
native-005-he55-deepseek-flash-repair-delay0-rep1,native,HumanEval/55,55,deepseek-flash,repair,0,1,5.0,0,pass,pass,0,complete,,False,,frozen,native-005-he55-deepseek-flash-repair-delay0-rep1/attempt-01,1.9962079189999997,3,5.001438482999987,5.011767910000003,0.0014384829999869453,0.004552032,0,0,0.0014184,0,0,0.003133632,0,0,0.007105440,0,0,3,2,False
native-005-he55-deepseek-flash-repair-delay0-rep1,native,HumanEval/55,55,deepseek-flash,repair,0,1,15.0,1,pass,pass,0,complete,,False,,frozen,native-005-he55-deepseek-flash-repair-delay0-rep1/attempt-01,1.9962079189999997,3,15.000639949999993,15.013820673999987,0.0006399499999929503,0.011657472,0,0,0.0014184,0,0,0.010239072,0,0,0,0,0,8,7,False
native-006-he55-deepseek-v4-pro-resample-delay1-rep1,native,HumanEval/55,55,deepseek-v4-pro,resample,1,1,5.0,0,pass,pass,0,complete,,False,,frozen,native-006-he55-deepseek-v4-pro-resample-delay1-rep1/attempt-01,2.994980053000006,3,5.000930312000008,5.013159666000007,0.0009303120000083709,0.006964672,0,0,0.003403136,0,0,0.003561536,0,0,0.011856768,0,0,2,1,False
native-006-he55-deepseek-v4-pro-resample-delay1-rep1,native,HumanEval/55,55,deepseek-v4-pro,resample,1,1,15.0,1,pass,pass,0,complete,,False,,frozen,native-006-he55-deepseek-v4-pro-resample-delay1-rep1/attempt-01,2.994980053000006,3,15.000394822000004,15.01391664800002,0.0003948220000040692,0.018821440,0,0,0.003403136,0,0,0.015418304,0,0,0,0,0,5,4,False
native-007-he55-deepseek-flash-resample-delay0-rep1,native,HumanEval/55,55,deepseek-flash,resample,0,1,5.0,0,pass,pass,0,complete,,False,,frozen,native-007-he55-deepseek-flash-resample-delay0-rep1/attempt-01,2.0274422119999826,3,5.002183549999984,5.015779956999978,0.002183549999983825,0.0038328,0,0,0.0012936,0,0,0.0025392,0,0,0.0066696,0,0,3,2,False
native-007-he55-deepseek-flash-resample-delay0-rep1,native,HumanEval/55,55,deepseek-flash,resample,0,1,15.0,1,pass,pass,0,complete,,False,,frozen,native-007-he55-deepseek-flash-resample-delay0-rep1/attempt-01,2.0274422119999826,3,15.001158323999988,15.014965849999982,0.0011583239999879424,0.0105024,0,0,0.0012936,0,0,0.0092088,0,0,0,0,0,8,7,False
native-008-he55-deepseek-v4-pro-repair-delay1-rep1,native,HumanEval/55,55,deepseek-v4-pro,repair,1,1,5.0,0,pass,pass,0,complete,,False,,frozen,native-008-he55-deepseek-v4-pro-repair-delay1-rep1/attempt-01,3.228890842999988,3,5.0063737929999945,5.017500495999997,0.006373792999994521,0.009382912,0,0,0.003403136,0,0,0.005979776,0,0,0.012733952,0,0,2,1,False
native-008-he55-deepseek-v4-pro-repair-delay1-rep1,native,HumanEval/55,55,deepseek-v4-pro,repair,1,1,15.0,1,pass,pass,0,complete,,False,,frozen,native-008-he55-deepseek-v4-pro-repair-delay1-rep1/attempt-01,3.228890842999988,3,15.003053096000002,15.016341931,0.0030530960000021423,0.022116864,0,0,0.003403136,0,0,0.018713728,0,0,0,0,0,5,4,False
native-009-he32-deepseek-flash-resample-delay1-rep1,native,HumanEval/32,32,deepseek-flash,resample,1,1,5.0,0,fail,fail,0,complete,,False,,frozen,native-009-he32-deepseek-flash-resample-delay1-rep1/attempt-01,3.6810212319999778,2,5.003462569999982,5.016052747999993,0.003462569999982179,0.008875344,0,0,0.0045000,0,0,0.004375344,0,0,0.008491488,0,0,2,1,False
native-009-he32-deepseek-flash-resample-delay1-rep1,native,HumanEval/32,32,deepseek-flash,resample,1,1,15.0,1,fail,fail,0,complete,,False,,frozen,native-009-he32-deepseek-flash-resample-delay1-rep1/attempt-01,3.6810212319999778,2,15.002515193999983,15.016052953999974,0.002515193999983012,0.017366832,0,0,0.0045000,0,0,0.012866832,0,0,0,0,0,4,3,False
native-010-he32-deepseek-flash-repair-delay0-rep1,native,HumanEval/32,32,deepseek-flash,repair,0,1,5.0,0,fail,fail,0,complete,,False,,frozen,native-010-he32-deepseek-flash-repair-delay0-rep1/attempt-01,2.8896400010000036,2,5.017809668000012,5.033945095000007,0.01780966800001238,0.009284976,0,0,0.004116144,0,0,0.005168832,0,0,0.017552256,0,0,2,1,False
native-010-he32-deepseek-flash-repair-delay0-rep1,native,HumanEval/32,32,deepseek-flash,repair,0,1,15.0,1,fail,fail,0,complete,,False,,frozen,native-010-he32-deepseek-flash-repair-delay0-rep1/attempt-01,2.8896400010000036,2,15.001567534999992,15.01637717600002,0.0015675349999924038,0.026837232,0,0,0.004116144,0,0,0.022721088,0,0,0,0,0,6,5,False
native-011-he32-deepseek-v4-pro-repair-delay1-rep1,native,HumanEval/32,32,deepseek-v4-pro,repair,1,1,5.0,0,no_candidate,no_candidate,0,complete,,False,,frozen,,,,5.005270476999982,5.017707664,0.0052704769999820655,0.01997952,0,0,,,,,,,0,0,0,1,,True
native-011-he32-deepseek-v4-pro-repair-delay1-rep1,native,HumanEval/32,32,deepseek-v4-pro,repair,1,1,15.0,1,no_candidate,no_candidate,0,complete,,False,,frozen,,,,15.036845177999993,15.051241168000018,0.036845177999992984,0.01997952,0,0,,,,,,,0,0,0,1,,True
native-012-he32-deepseek-flash-resample-delay0-rep1,native,HumanEval/32,32,deepseek-flash,resample,0,1,5.0,0,fail,fail,0,complete,,False,,frozen,native-012-he32-deepseek-flash-resample-delay0-rep1/attempt-01,3.1806914279999887,2,5.002410354999995,5.016260961,0.002410354999994979,0.009307488,0,0,0.004039344,0,0,0.005268144,0,0,0.015542976,0,0,2,1,False
native-012-he32-deepseek-flash-resample-delay0-rep1,native,HumanEval/32,32,deepseek-flash,resample,0,1,15.0,1,fail,fail,0,complete,,False,,frozen,native-012-he32-deepseek-flash-resample-delay0-rep1/attempt-01,3.1806914279999887,2,15.006000048999965,15.020300083999985,0.006000048999965202,0.024850464,0,0,0.004039344,0,0,0.020811120,0,0,0,0,0,6,5,False
native-013-he32-deepseek-v4-pro-repair-delay0-rep1,native,HumanEval/32,32,deepseek-v4-pro,repair,0,1,5.0,0,no_candidate,no_candidate,0,complete,,False,,frozen,,,,5.007866113999967,5.022206972999982,0.007866113999966728,0.014602368,0,0,,,,,,,0.046121152,0,0,1,,False
native-013-he32-deepseek-v4-pro-repair-delay0-rep1,native,HumanEval/32,32,deepseek-v4-pro,repair,0,1,15.0,1,fail,fail,0,complete,,False,,frozen,native-013-he32-deepseek-v4-pro-repair-delay0-rep1/attempt-01,6.076135686999976,2,15.004814517,15.019248867999977,0.004814516999999796,0.060723520,0,0,0.014602368,0,0,0.046121152,0,0,0,0,0,3,2,False
native-014-he32-deepseek-v4-pro-resample-delay1-rep1,native,HumanEval/32,32,deepseek-v4-pro,resample,1,1,5.0,0,no_candidate,no_candidate,0,complete,,False,,frozen,,,,5.0014886769999976,5.01327908799999,0.0014886769999975513,0.013366848,0,0,,,,,,,0.032497344,0,0,1,,False
native-014-he32-deepseek-v4-pro-resample-delay1-rep1,native,HumanEval/32,32,deepseek-v4-pro,resample,1,1,15.0,1,fail,fail,0,complete,,False,,frozen,native-014-he32-deepseek-v4-pro-resample-delay1-rep1/attempt-01,5.524443356999996,2,15.031065504999958,15.045228644999952,0.031065504999958193,0.045864192,0,0,0.013366848,0,0,0.032497344,0,0,0,0,0,4,3,False
native-015-he32-deepseek-v4-pro-resample-delay0-rep1,native,HumanEval/32,32,deepseek-v4-pro,resample,0,1,5.0,0,no_candidate,no_candidate,0,complete,,False,,frozen,,,,5.001321750999978,5.013555793999956,0.0013217509999776667,0.012638208,0,0,,,,,,,0.026638656,0,0,1,,False
native-015-he32-deepseek-v4-pro-resample-delay0-rep1,native,HumanEval/32,32,deepseek-v4-pro,resample,0,1,15.0,1,fail,fail,0,complete,,False,,frozen,native-015-he32-deepseek-v4-pro-resample-delay0-rep1/attempt-01,5.37389435099999,2,15.001005905,15.012942805999955,0.0010059049999995295,0.039276864,0,0,0.012638208,0,0,0.026638656,0,0,0,0,0,3,2,False
native-016-he32-deepseek-flash-repair-delay1-rep1,native,HumanEval/32,32,deepseek-flash,repair,1,1,5.0,0,fail,fail,0,complete,,False,,frozen,native-016-he32-deepseek-flash-repair-delay1-rep1/attempt-01,3.928639447999956,2,5.003140706000011,5.016147802999967,0.0031407060000105957,0.009111120,0,0,0.004317744,0,0,0.004793376,0,0,0.012909504,0,0,2,1,False
native-016-he32-deepseek-flash-repair-delay1-rep1,native,HumanEval/32,32,deepseek-flash,repair,1,1,15.0,1,fail,fail,0,complete,,False,,frozen,native-016-he32-deepseek-flash-repair-delay1-rep1/attempt-01,3.928639447999956,2,15.010555275000002,15.025104053000007,0.01055527500000153,0.022020624,0,0,0.004317744,0,0,0.017702880,0,0,0,0,0,5,4,False
native-017-he7-deepseek-v4-pro-resample-delay1-rep1,native,HumanEval/7,7,deepseek-v4-pro,resample,1,1,5.0,0,pass,pass,0,complete,,False,,frozen,native-017-he7-deepseek-v4-pro-resample-delay1-rep1/attempt-01,3.6847999839999943,2,5.002806448999991,5.014579828999956,0.0028064489999906073,0.010034816,0,0,0.00567072,0,0,0.004364096,0,0,0.013092288,0,0,2,1,False
native-017-he7-deepseek-v4-pro-resample-delay1-rep1,native,HumanEval/7,7,deepseek-v4-pro,resample,1,1,15.0,1,pass,pass,0,complete,,False,,frozen,native-017-he7-deepseek-v4-pro-resample-delay1-rep1/attempt-01,3.6847999839999943,2,15.009803224999985,15.024137572999962,0.00980322499998465,0.023127104,0,0,0.00567072,0,0,0.017456384,0,0,0,0,0,5,4,False
native-018-he7-deepseek-flash-resample-delay1-rep1,native,HumanEval/7,7,deepseek-flash,resample,1,1,5.0,0,pass,pass,0,complete,,False,,frozen,native-018-he7-deepseek-flash-resample-delay1-rep1/attempt-01,3.0231123249999996,2,5.020583617999989,5.0301232790000086,0.0205836179999892,0.0030144,0,0,0.0015072,0,0,0.0015072,0,0,0.0060288,0,0,2,1,False
native-018-he7-deepseek-flash-resample-delay1-rep1,native,HumanEval/7,7,deepseek-flash,resample,1,1,15.0,1,pass,pass,0,complete,,False,,frozen,native-018-he7-deepseek-flash-resample-delay1-rep1/attempt-01,3.0231123249999996,2,15.001701657000012,15.015753169999982,0.0017016570000123465,0.0090432,0,0,0.0015072,0,0,0.0075360,0,0,0,0,0,6,5,False
native-019-he7-deepseek-v4-pro-resample-delay0-rep1,native,HumanEval/7,7,deepseek-v4-pro,resample,0,1,5.0,0,pass,pass,0,complete,,False,,frozen,native-019-he7-deepseek-v4-pro-resample-delay0-rep1/attempt-01,2.5748772950000216,2,5.001019903000042,5.0108468030000495,0.0010199030000421772,0.008728192,0,0,0.004364096,0,0,0.004364096,0,0,0.017456384,0,0,2,1,False
native-019-he7-deepseek-v4-pro-resample-delay0-rep1,native,HumanEval/7,7,deepseek-v4-pro,resample,0,1,15.0,1,pass,pass,0,complete,,False,,frozen,native-019-he7-deepseek-v4-pro-resample-delay0-rep1/attempt-01,2.5748772950000216,2,15.000706809000008,15.01108083400004,0.0007068090000075244,0.026184576,0,0,0.004364096,0,0,0.021820480,0,0,0,0,0,6,5,False
native-020-he7-deepseek-v4-pro-repair-delay1-rep1,native,HumanEval/7,7,deepseek-v4-pro,repair,1,1,5.0,0,pass,pass,0,complete,,False,,frozen,native-020-he7-deepseek-v4-pro-repair-delay1-rep1/attempt-01,3.714634602999979,2,5.001011812999991,5.0148270990000015,0.0010118129999909797,0.011273152,0,0,0.004364096,0,0,0.006909056,0,0,0.012633984,0,0,2,1,False
native-020-he7-deepseek-v4-pro-repair-delay1-rep1,native,HumanEval/7,7,deepseek-v4-pro,repair,1,1,15.0,1,pass,pass,0,complete,,False,,frozen,native-020-he7-deepseek-v4-pro-repair-delay1-rep1/attempt-01,3.714634602999979,2,15.004077703000007,15.018596075999994,0.0040777030000072045,0.023907136,0,0,0.004364096,0,0,0.019543040,0,0,0,0,0,5,4,False
native-021-he7-deepseek-flash-repair-delay0-rep1,native,HumanEval/7,7,deepseek-flash,repair,0,1,5.0,0,pass,pass,0,complete,,False,,frozen,native-021-he7-deepseek-flash-repair-delay0-rep1/attempt-01,1.8482901790000028,2,5.0006509160000405,5.0131215970000085,0.0006509160000405245,0.004775232,0,0,0.0015072,0,0,0.003268032,0,0,0.007455840,0,0,3,2,False
native-021-he7-deepseek-flash-repair-delay0-rep1,native,HumanEval/7,7,deepseek-flash,repair,0,1,15.0,1,pass,pass,0,complete,,False,,frozen,native-021-he7-deepseek-flash-repair-delay0-rep1/attempt-01,1.8482901790000028,2,15.001032764000001,15.012522027000045,0.0010327640000014071,0.012231072,0,0,0.0015072,0,0,0.010723872,0,0,0,0,0,8,7,False
native-022-he7-deepseek-v4-pro-repair-delay0-rep1,native,HumanEval/7,7,deepseek-v4-pro,repair,0,1,5.0,0,pass,pass,0,complete,,False,,frozen,native-022-he7-deepseek-v4-pro-repair-delay0-rep1/attempt-01,2.1754369180000026,2,5.000832413000012,5.015929513000003,0.0008324130000119112,0.012955712,0,0,0.004364096,0,0,0.008591616,0,0,0.012633984,0,0,3,2,False
native-022-he7-deepseek-v4-pro-repair-delay0-rep1,native,HumanEval/7,7,deepseek-v4-pro,repair,0,1,15.0,1,pass,pass,0,complete,,False,,frozen,native-022-he7-deepseek-v4-pro-repair-delay0-rep1/attempt-01,2.1754369180000026,2,15.001344987999971,15.01428858700001,0.0013449879999711811,0.025589696,0,0,0.004364096,0,0,0.021225600,0,0,0,0,0,6,5,False
native-023-he7-deepseek-flash-resample-delay0-rep1,native,HumanEval/7,7,deepseek-flash,resample,0,1,5.0,0,pass,pass,0,complete,,False,,frozen,native-023-he7-deepseek-flash-resample-delay0-rep1/attempt-01,1.8570142149999924,2,5.0011141640000005,5.01301764599998,0.0011141640000005282,0.0045600,0,0,0.0015456,0,0,0.0030144,0,0,0.0075360,0,0,3,2,False
native-023-he7-deepseek-flash-resample-delay0-rep1,native,HumanEval/7,7,deepseek-flash,resample,0,1,15.0,1,pass,pass,0,complete,,False,,frozen,native-023-he7-deepseek-flash-resample-delay0-rep1/attempt-01,1.8570142149999924,2,15.005019188000006,15.01770589399996,0.00501918800000567,0.0120960,0,0,0.0015456,0,0,0.0105504,0,0,0,0,0,8,7,False
native-024-he7-deepseek-flash-repair-delay1-rep1,native,HumanEval/7,7,deepseek-flash,repair,1,1,5.0,0,pass,pass,0,complete,,False,,frozen,native-024-he7-deepseek-flash-repair-delay1-rep1/attempt-01,2.9405065490000197,2,5.019765252000013,5.030738733000021,0.019765252000013334,0.002990688,0,0,0.0015072,0,0,0.001483488,0,0,0.005933952,0,0,2,1,False
native-024-he7-deepseek-flash-repair-delay1-rep1,native,HumanEval/7,7,deepseek-flash,repair,1,1,15.0,1,pass,pass,0,complete,,False,,frozen,native-024-he7-deepseek-flash-repair-delay1-rep1/attempt-01,2.9405065490000197,2,15.003636965999988,15.017535538999994,0.0036369659999877513,0.008924640,0,0,0.0015072,0,0,0.007417440,0,0,0,0,0,6,5,False
native-025-he56-deepseek-flash-repair-delay0-rep1,native,HumanEval/56,56,deepseek-flash,repair,0,1,5.0,0,pass,pass,0,complete,,False,,frozen,native-025-he56-deepseek-flash-repair-delay0-rep1/attempt-01,2.0332843410000123,4,5.001604794000002,5.012785259999987,0.00160479400000213,0.005866176,0,0,0.0018624,0,0,0.004003776,0,0,0.008504160,0,0,3,2,False
native-025-he56-deepseek-flash-repair-delay0-rep1,native,HumanEval/56,56,deepseek-flash,repair,0,1,15.0,1,pass,pass,0,complete,,False,,frozen,native-025-he56-deepseek-flash-repair-delay0-rep1/attempt-01,2.0332843410000123,4,15.002431516000001,15.013312248000034,0.0024315160000014657,0.014370336,0,0,0.0018624,0,0,0.012507936,0,0,0,0,0,8,7,False
native-026-he56-deepseek-v4-pro-resample-delay0-rep1,native,HumanEval/56,56,deepseek-v4-pro,resample,0,1,5.0,0,pass,pass,0,complete,,False,,frozen,native-026-he56-deepseek-v4-pro-resample-delay0-rep1/attempt-01,2.677517652000006,4,5.001501665999967,5.013195601999996,0.001501665999967372,0.012379136,0,0,0.00684288,0,0,0.005536256,0,0,0.022145024,0,0,2,1,False
native-026-he56-deepseek-v4-pro-resample-delay0-rep1,native,HumanEval/56,56,deepseek-v4-pro,resample,0,1,15.0,1,pass,pass,0,complete,,False,,frozen,native-026-he56-deepseek-v4-pro-resample-delay0-rep1/attempt-01,2.677517652000006,4,15.00106025399998,15.015241489000005,0.0010602539999808869,0.034524160,0,0,0.00684288,0,0,0.027681280,0,0,0,0,0,6,5,False
native-027-he56-deepseek-flash-repair-delay1-rep1,native,HumanEval/56,56,deepseek-flash,repair,1,1,5.0,0,pass,pass,0,complete,,False,,frozen,native-027-he56-deepseek-flash-repair-delay1-rep1/attempt-01,2.7981938810000884,4,5.011030814000037,5.024710040000059,0.011030814000037026,0.004165344,0,0,0.0018624,0,0,0.002302944,0,0,0.006803328,0,0,2,1,False
native-027-he56-deepseek-flash-repair-delay1-rep1,native,HumanEval/56,56,deepseek-flash,repair,1,1,15.0,1,pass,pass,0,complete,,False,,frozen,native-027-he56-deepseek-flash-repair-delay1-rep1/attempt-01,2.7981938810000884,4,15.001367713000036,15.013430309,0.0013677130000360194,0.010968672,0,0,0.0018624,0,0,0.009106272,0,0,0,0,0,6,5,False
native-028-he56-deepseek-v4-pro-repair-delay0-rep1,native,HumanEval/56,56,deepseek-v4-pro,repair,0,1,5.0,0,pass,pass,0,complete,,False,,frozen,native-028-he56-deepseek-v4-pro-repair-delay0-rep1/attempt-01,2.633523701999934,4,5.005320278999989,5.017384814000025,0.005320278999988659,0.014546752,0,0,0.005536256,0,0,0.009010496,0,0,0.020362496,0,0,2,1,False
native-028-he56-deepseek-v4-pro-repair-delay0-rep1,native,HumanEval/56,56,deepseek-v4-pro,repair,0,1,15.0,1,pass,pass,0,complete,,False,,frozen,native-028-he56-deepseek-v4-pro-repair-delay0-rep1/attempt-01,2.633523701999934,4,15.002070421999974,15.014730525000004,0.0020704219999743145,0.034909248,0,0,0.005536256,0,0,0.029372992,0,0,0,0,0,6,5,False
native-029-he56-deepseek-v4-pro-repair-delay1-rep1,native,HumanEval/56,56,deepseek-v4-pro,repair,1,1,5.0,0,pass,pass,0,complete,,False,,frozen,native-029-he56-deepseek-v4-pro-repair-delay1-rep1/attempt-01,3.339516994000064,4,5.002371869000058,5.015379259000042,0.0023718690000578135,0.014546752,0,0,0.005536256,0,0,0.009010496,0,0,0.010181248,0,0,2,1,False
native-029-he56-deepseek-v4-pro-repair-delay1-rep1,native,HumanEval/56,56,deepseek-v4-pro,repair,1,1,15.0,1,pass,pass,0,complete,,False,,frozen,native-029-he56-deepseek-v4-pro-repair-delay1-rep1/attempt-01,3.339516994000064,4,15.03237772,15.0430083870001,0.0323777199999995,0.024728000,0,0,0.005536256,0,0,0.019191744,0,0,0,0,0,4,3,False
native-030-he56-deepseek-flash-resample-delay0-rep1,native,HumanEval/56,56,deepseek-flash,resample,0,1,5.0,0,pass,pass,0,complete,,False,,frozen,native-030-he56-deepseek-flash-resample-delay0-rep1/attempt-01,2.1988450059999423,4,5.004512487999932,5.017753532000029,0.004512487999932091,0.0056640,0,0,0.0019008,0,0,0.0037632,0,0,0.0093504,0,0,3,2,False
native-030-he56-deepseek-flash-resample-delay0-rep1,native,HumanEval/56,56,deepseek-flash,resample,0,1,15.0,1,pass,pass,0,complete,,False,,frozen,native-030-he56-deepseek-flash-resample-delay0-rep1/attempt-01,2.1988450059999423,4,15.001263419999987,15.014026232999981,0.0012634199999865814,0.0150144,0,0,0.0019008,0,0,0.0131136,0,0,0,0,0,8,7,False
native-031-he56-deepseek-flash-resample-delay1-rep1,native,HumanEval/56,56,deepseek-flash,resample,1,1,5.0,0,pass,pass,0,complete,,False,,frozen,native-031-he56-deepseek-flash-resample-delay1-rep1/attempt-01,2.823053071000004,4,5.00110863000009,5.013164096000082,0.0011086300000897609,0.0037248,0,0,0.0018624,0,0,0.0018624,0,0,0.0056256,0,0,2,1,False
native-031-he56-deepseek-flash-resample-delay1-rep1,native,HumanEval/56,56,deepseek-flash,resample,1,1,15.0,1,pass,pass,0,complete,,False,,frozen,native-031-he56-deepseek-flash-resample-delay1-rep1/attempt-01,2.823053071000004,4,15.001310842000066,15.015382561000024,0.001310842000066259,0.0093504,0,0,0.0018624,0,0,0.0074880,0,0,0,0,0,5,4,False
native-032-he56-deepseek-v4-pro-resample-delay1-rep1,native,HumanEval/56,56,deepseek-v4-pro,resample,1,1,5.0,0,pass,pass,0,complete,,False,,frozen,native-032-he56-deepseek-v4-pro-resample-delay1-rep1/attempt-01,3.3331795789999887,4,5.001961348999998,5.017768908999983,0.001961348999998336,0.011167552,0,0,0.005631296,0,0,0.005536256,0,0,0.011072512,0,0,2,1,False
native-032-he56-deepseek-v4-pro-resample-delay1-rep1,native,HumanEval/56,56,deepseek-v4-pro,resample,1,1,15.0,1,pass,pass,0,complete,,False,,frozen,native-032-he56-deepseek-v4-pro-resample-delay1-rep1/attempt-01,3.3331795789999887,4,15.009713402999978,15.022884087999955,0.009713402999977916,0.022240064,0,0,0.005631296,0,0,0.016608768,0,0,0,0,0,4,3,False
native-033-he16-deepseek-v4-pro-resample-delay1-rep1,native,HumanEval/16,16,deepseek-v4-pro,resample,1,1,5.0,0,pass,pass,0,complete,,False,,frozen,native-033-he16-deepseek-v4-pro-resample-delay1-rep1/attempt-01,3.6074477419999766,2,5.001761683000041,5.01567142600004,0.001761683000040648,0.007479296,0,0,0.00439296,0,0,0.003086336,0,0,0.009259008,0,0,2,1,False
native-033-he16-deepseek-v4-pro-resample-delay1-rep1,native,HumanEval/16,16,deepseek-v4-pro,resample,1,1,15.0,1,pass,pass,0,complete,,False,,frozen,native-033-he16-deepseek-v4-pro-resample-delay1-rep1/attempt-01,3.6074477419999766,2,15.001516743000025,15.01204774300004,0.0015167430000246895,0.016738304,0,0,0.00439296,0,0,0.012345344,0,0,0,0,0,5,4,False
native-034-he16-deepseek-flash-repair-delay0-rep1,native,HumanEval/16,16,deepseek-flash,repair,0,1,5.0,0,pass,pass,0,complete,,False,,frozen,native-034-he16-deepseek-flash-repair-delay0-rep1/attempt-01,1.8160424210000201,2,5.033443078999994,5.046095818000026,0.033443078999994214,0.003804288,0,0,0.001176,0,0,0.002628288,0,0,0.007923264,0,0,3,2,False
native-034-he16-deepseek-flash-repair-delay0-rep1,native,HumanEval/16,16,deepseek-flash,repair,0,1,15.0,1,pass,pass,0,complete,,False,,frozen,native-034-he16-deepseek-flash-repair-delay0-rep1/attempt-01,1.8160424210000201,2,15.031566701000088,15.042582201000073,0.03156670100008796,0.011727552,0,0,0.001176,0,0,0.010551552,0,0,0,0,0,9,8,False
native-035-he16-deepseek-v4-pro-resample-delay0-rep1,native,HumanEval/16,16,deepseek-v4-pro,resample,0,1,5.0,0,pass,pass,0,complete,,False,,frozen,native-035-he16-deepseek-v4-pro-resample-delay0-rep1/attempt-01,2.829649388000007,2,5.002091796999935,5.020025795000038,0.0020917969999345587,0.006172672,0,0,0.003086336,0,0,0.003086336,0,0,0.012598784,0,0,2,1,False
native-035-he16-deepseek-v4-pro-resample-delay0-rep1,native,HumanEval/16,16,deepseek-v4-pro,resample,0,1,15.0,1,pass,pass,0,complete,,False,,frozen,native-035-he16-deepseek-v4-pro-resample-delay0-rep1/attempt-01,2.829649388000007,2,15.001672385000006,15.015996779000034,0.0016723850000062157,0.018771456,0,0,0.003086336,0,0,0.015685120,0,0,0,0,0,6,5,False
native-036-he16-deepseek-flash-resample-delay0-rep1,native,HumanEval/16,16,deepseek-flash,resample,0,1,5.0,0,pass,pass,0,complete,,False,,frozen,native-036-he16-deepseek-flash-resample-delay0-rep1/attempt-01,1.7482489799999712,2,5.0016495950000035,5.013246862999949,0.001649595000003501,0.003528,0,0,0.001176,0,0,0.002352,0,0,0.0060384,0,0,3,2,False
native-036-he16-deepseek-flash-resample-delay0-rep1,native,HumanEval/16,16,deepseek-flash,resample,0,1,15.0,1,pass,pass,0,complete,,False,,frozen,native-036-he16-deepseek-flash-resample-delay0-rep1/attempt-01,1.7482489799999712,2,15.00453339899991,15.017584608999982,0.004533398999910787,0.0095664,0,0,0.001176,0,0,0.0083904,0,0,0,0,0,9,8,False
native-037-he16-deepseek-v4-pro-repair-delay1-rep1,native,HumanEval/16,16,deepseek-v4-pro,repair,1,1,5.0,0,pass,pass,0,complete,,False,,frozen,native-037-he16-deepseek-v4-pro-repair-delay1-rep1/attempt-01,3.3599242620000496,2,5.001719277999996,5.017186873000014,0.0017192779999959384,0.008231872,0,0,0.003086336,0,0,0.005145536,0,0,0.011516736,0,0,2,1,False
native-037-he16-deepseek-v4-pro-repair-delay1-rep1,native,HumanEval/16,16,deepseek-v4-pro,repair,1,1,15.0,1,pass,pass,0,complete,,False,,frozen,native-037-he16-deepseek-v4-pro-repair-delay1-rep1/attempt-01,3.3599242620000496,2,15.00673726499997,15.019293771999969,0.006737264999969739,0.019748608,0,0,0.003086336,0,0,0.016662272,0,0,0,0,0,5,4,False
native-038-he16-deepseek-v4-pro-repair-delay0-rep1,native,HumanEval/16,16,deepseek-v4-pro,repair,0,1,5.0,0,pass,pass,0,complete,,False,,frozen,native-038-he16-deepseek-v4-pro-repair-delay0-rep1/attempt-01,2.422431189000008,2,5.084459954000067,5.09655391900003,0.08445995400006723,0.006925248,0,0,0.003086336,0,0,0.003838912,0,0,0.016683392,0,0,2,1,False
native-038-he16-deepseek-v4-pro-repair-delay0-rep1,native,HumanEval/16,16,deepseek-v4-pro,repair,0,1,15.0,1,pass,pass,0,complete,,False,,frozen,native-038-he16-deepseek-v4-pro-repair-delay0-rep1/attempt-01,2.422431189000008,2,15.004122058000007,15.013966732000085,0.0041220580000072005,0.023608640,0,0,0.003086336,0,0,0.020522304,0,0,0,0,0,6,5,False
native-039-he16-deepseek-flash-resample-delay1-rep1,native,HumanEval/16,16,deepseek-flash,resample,1,1,5.0,0,pass,pass,0,complete,,False,,frozen,native-039-he16-deepseek-flash-resample-delay1-rep1/attempt-01,3.08153027700007,2,5.007667039000012,5.025454631999992,0.007667039000011755,0.002352,0,0,0.001176,0,0,0.001176,0,0,0.004704,0,0,2,1,False
native-039-he16-deepseek-flash-resample-delay1-rep1,native,HumanEval/16,16,deepseek-flash,resample,1,1,15.0,1,pass,pass,0,complete,,False,,frozen,native-039-he16-deepseek-flash-resample-delay1-rep1/attempt-01,3.08153027700007,2,15.000847539999995,15.011611328000072,0.000847539999995206,0.007056,0,0,0.001176,0,0,0.005880,0,0,0,0,0,6,5,False
native-040-he16-deepseek-flash-repair-delay1-rep1,native,HumanEval/16,16,deepseek-flash,repair,1,1,5.0,0,pass,pass,0,complete,,False,,frozen,native-040-he16-deepseek-flash-repair-delay1-rep1/attempt-01,3.0892660289999867,2,5.0009587280000005,5.012903209000001,0.0009587280000005194,0.002490144,0,0,0.001176,0,0,0.001314144,0,0,0.005256576,0,0,2,1,False
native-040-he16-deepseek-flash-repair-delay1-rep1,native,HumanEval/16,16,deepseek-flash,repair,1,1,15.0,1,pass,pass,0,complete,,False,,frozen,native-040-he16-deepseek-flash-repair-delay1-rep1/attempt-01,3.0892660289999867,2,15.000626311000019,15.015133982000066,0.0006263110000190864,0.007746720,0,0,0.001176,0,0,0.006570720,0,0,0,0,0,6,5,False
native-041-he99-deepseek-flash-repair-delay1-rep1,native,HumanEval/99,99,deepseek-flash,repair,1,1,5.0,0,fail,fail,0,complete,,False,,frozen,native-041-he99-deepseek-flash-repair-delay1-rep1/attempt-01,2.8606676379999953,4,5.00298783900007,5.020231858999978,0.0029878390000703803,0.002102688,0,0,0.0011328,0,0,0.000969888,0,0,0.003869952,0,0,2,1,False
native-041-he99-deepseek-flash-repair-delay1-rep1,native,HumanEval/99,99,deepseek-flash,repair,1,1,15.0,1,fail,fail,0,complete,,False,,frozen,native-041-he99-deepseek-flash-repair-delay1-rep1/attempt-01,2.8606676379999953,4,15.002202893999993,15.014272234000032,0.002202893999992739,0.005972640,0,0,0.0011328,0,0,0.004839840,0,0,0,0,0,6,5,False
native-042-he99-deepseek-v4-pro-resample-delay0-rep1,native,HumanEval/99,99,deepseek-v4-pro,resample,0,1,5.0,0,no_candidate,no_candidate,0,complete,,False,,frozen,,,,5.001839490000066,5.016905866999991,0.00183949000006578,0.011896192,0,0,,,,,,,0.021353728,0,0,2,,True
native-042-he99-deepseek-v4-pro-resample-delay0-rep1,native,HumanEval/99,99,deepseek-v4-pro,resample,0,1,15.0,1,pass,no_candidate,1,complete,,False,,frozen,native-042-he99-deepseek-v4-pro-resample-delay0-rep1/attempt-04,10.650881607000088,4,15.000923862000036,15.014074793000077,0.0009238620000360243,0.033249920,0,0,0.020228736,0,0,0.013021184,0,0,0,0,0,6,2,True
native-043-he99-deepseek-v4-pro-resample-delay1-rep1,native,HumanEval/99,99,deepseek-v4-pro,resample,1,1,5.0,0,no_candidate,no_candidate,0,complete,,False,,frozen,,,,5.003995151999902,5.017728525999928,0.003995151999902191,0.012213696,0,0,,,,,,,0.011516736,0,0,3,,True
native-043-he99-deepseek-v4-pro-resample-delay1-rep1,native,HumanEval/99,99,deepseek-v4-pro,resample,1,1,15.0,1,pass,no_candidate,1,complete,,False,,frozen,native-043-he99-deepseek-v4-pro-resample-delay1-rep1/attempt-03,8.513004793999926,4,15.001038165999944,15.015996747999907,0.0010381659999438853,0.023730432,0,0,0.012213696,0,0,0.011516736,0,0,0,0,0,6,3,True
native-044-he99-deepseek-v4-pro-repair-delay1-rep1,native,HumanEval/99,99,deepseek-v4-pro,repair,1,1,5.0,0,pass,pass,0,complete,,False,,frozen,native-044-he99-deepseek-v4-pro-repair-delay1-rep1/attempt-01,4.043666260000009,4,5.001836745000105,5.014319264000051,0.001836745000105111,0.006167744,0,0,0.002012032,0,0,0.004155712,0,0,0.008547264,0,0,2,1,False
native-044-he99-deepseek-v4-pro-repair-delay1-rep1,native,HumanEval/99,99,deepseek-v4-pro,repair,1,1,15.0,1,pass,pass,0,complete,,False,,frozen,native-044-he99-deepseek-v4-pro-repair-delay1-rep1/attempt-01,4.043666260000009,4,15.004276357000094,15.018425081000032,0.004276357000094322,0.014715008,0,0,0.002012032,0,0,0.012702976,0,0,0,0,0,5,4,False
native-045-he99-deepseek-flash-repair-delay0-rep1,native,HumanEval/99,99,deepseek-flash,repair,0,1,5.0,0,fail,fail,0,complete,,False,,frozen,native-045-he99-deepseek-flash-repair-delay0-rep1/attempt-01,1.810050030999946,4,5.000838930999976,5.014095012999974,0.0008389309999756733,0.002886720,0,0,0.000831744,0,0,0.002054976,0,0,0.006517728,0,0,3,2,False
native-045-he99-deepseek-flash-repair-delay0-rep1,native,HumanEval/99,99,deepseek-flash,repair,0,1,15.0,1,fail,fail,0,complete,,False,,frozen,native-045-he99-deepseek-flash-repair-delay0-rep1/attempt-01,1.810050030999946,4,15.012402062999968,15.024646781000001,0.012402062999967711,0.009404448,0,0,0.000831744,0,0,0.008572704,0,0,0,0,0,9,8,False
native-046-he99-deepseek-flash-resample-delay1-rep1,native,HumanEval/99,99,deepseek-flash,resample,1,1,5.0,0,fail,fail,0,complete,,False,,frozen,native-046-he99-deepseek-flash-resample-delay1-rep1/attempt-01,2.6973922309999807,4,5.001402252999924,5.016019038999957,0.0014022529999238031,0.001625088,0,0,0.000793344,0,0,0.000831744,0,0,0.003701376,0,0,2,1,False
native-046-he99-deepseek-flash-resample-delay1-rep1,native,HumanEval/99,99,deepseek-flash,resample,1,1,15.0,1,fail,fail,0,complete,,False,,frozen,native-046-he99-deepseek-flash-resample-delay1-rep1/attempt-01,2.6973922309999807,4,15.004528126999958,15.01807888999997,0.004528126999957749,0.005326464,0,0,0.000793344,0,0,0.004533120,0,0,0,0,0,6,5,False
native-047-he99-deepseek-flash-resample-delay0-rep1,native,HumanEval/99,99,deepseek-flash,resample,0,1,5.0,0,fail,fail,0,complete,,False,,frozen,native-047-he99-deepseek-flash-resample-delay0-rep1/attempt-01,1.5884353799999644,4,5.000922056000036,5.015436589000046,0.0009220560000358091,0.002447232,0,0,0.000783744,0,0,0.001663488,0,0,0.004904064,0,0,3,2,False
native-047-he99-deepseek-flash-resample-delay0-rep1,native,HumanEval/99,99,deepseek-flash,resample,0,1,15.0,1,fail,fail,0,complete,,False,,frozen,native-047-he99-deepseek-flash-resample-delay0-rep1/attempt-01,1.5884353799999644,4,15.001060868999957,15.013837956999964,0.0010608689999571652,0.007351296,0,0,0.000783744,0,0,0.006567552,0,0,0,0,0,9,8,False
native-048-he99-deepseek-v4-pro-repair-delay0-rep1,native,HumanEval/99,99,deepseek-v4-pro,repair,0,1,5.0,0,pass,pass,0,complete,,False,,frozen,native-048-he99-deepseek-v4-pro-repair-delay0-rep1/attempt-01,2.5994255279999834,4,5.000462501000015,5.016064561999997,0.00046250100001543615,0.007710208,0,0,0.002012032,0,0,0.005698176,0,0,0.011396352,0,0,3,2,False
native-048-he99-deepseek-v4-pro-repair-delay0-rep1,native,HumanEval/99,99,deepseek-v4-pro,repair,0,1,15.0,1,pass,pass,0,complete,,False,,frozen,native-048-he99-deepseek-v4-pro-repair-delay0-rep1/attempt-01,2.5994255279999834,4,15.006490590999988,15.020351555999923,0.006490590999987944,0.019106560,0,0,0.002012032,0,0,0.017094528,0,0,0,0,0,7,6,False
native-049-he18-deepseek-v4-pro-repair-delay1-rep1,native,HumanEval/18,18,deepseek-v4-pro,repair,1,1,5.0,0,pass,pass,0,complete,,False,,frozen,native-049-he18-deepseek-v4-pro-repair-delay1-rep1/attempt-01,3.8081504659999155,3,5.002443607999908,5.015433241999972,0.0024436079999077265,0.016698176,0,0,0.00741312,0,0,0.009285056,0,0,0.010730368,0,0,2,1,False
native-049-he18-deepseek-v4-pro-repair-delay1-rep1,native,HumanEval/18,18,deepseek-v4-pro,repair,1,1,15.0,1,pass,pass,0,complete,,False,,frozen,native-049-he18-deepseek-v4-pro-repair-delay1-rep1/attempt-01,3.8081504659999155,3,15.000635208999938,15.013460135999935,0.000635208999938186,0.027428544,0,0,0.00741312,0,0,0.020015424,0,0,0,0,0,4,3,False
native-050-he18-deepseek-v4-pro-resample-delay0-rep1,native,HumanEval/18,18,deepseek-v4-pro,resample,0,1,5.0,0,pass,pass,0,complete,,False,,frozen,native-050-he18-deepseek-v4-pro-resample-delay0-rep1/attempt-01,3.055919442000004,3,5.001735476000022,5.01512690200002,0.001735476000021663,0.011896192,0,0,0.005948096,0,0,0.005948096,0,0,0.017432448,0,0,2,1,False
native-050-he18-deepseek-v4-pro-resample-delay0-rep1,native,HumanEval/18,18,deepseek-v4-pro,resample,0,1,15.0,1,pass,pass,0,complete,,False,,frozen,native-050-he18-deepseek-v4-pro-resample-delay0-rep1/attempt-01,3.055919442000004,3,15.00199919499994,15.01538966399994,0.001999194999939391,0.029328640,0,0,0.005948096,0,0,0.023380544,0,0,0,0,0,5,4,False
native-051-he18-deepseek-v4-pro-resample-delay1-rep1,native,HumanEval/18,18,deepseek-v4-pro,resample,1,1,5.0,0,pass,pass,0,complete,,False,,frozen,native-051-he18-deepseek-v4-pro-resample-delay1-rep1/attempt-01,3.97526006399994,3,5.002135427999974,5.015076034999993,0.0021354279999741266,0.011832832,0,0,0.005916416,0,0,0.005916416,0,0,0.011642752,0,0,2,1,False
native-051-he18-deepseek-v4-pro-resample-delay1-rep1,native,HumanEval/18,18,deepseek-v4-pro,resample,1,1,15.0,1,pass,pass,0,complete,,False,,frozen,native-051-he18-deepseek-v4-pro-resample-delay1-rep1/attempt-01,3.97526006399994,3,15.001504816999955,15.01364214900002,0.001504816999954528,0.023475584,0,0,0.005916416,0,0,0.017559168,0,0,0,0,0,4,3,False
native-052-he18-deepseek-flash-resample-delay0-rep1,native,HumanEval/18,18,deepseek-flash,resample,0,1,5.0,0,pass,pass,0,complete,,False,,frozen,native-052-he18-deepseek-flash-resample-delay0-rep1/attempt-01,2.2360733000000437,3,5.001507441000058,5.013701534999996,0.001507441000057952,0.0058080,0,0,0.0019872,0,0,0.0038208,0,0,0.0097536,0,0,3,2,False
native-052-he18-deepseek-flash-resample-delay0-rep1,native,HumanEval/18,18,deepseek-flash,resample,0,1,15.0,1,pass,pass,0,complete,,False,,frozen,native-052-he18-deepseek-flash-resample-delay0-rep1/attempt-01,2.2360733000000437,3,15.000677984000049,15.011904629000014,0.0006779840000490367,0.0155616,0,0,0.0019872,0,0,0.0135744,0,0,0,0,0,8,7,False
native-053-he18-deepseek-v4-pro-repair-delay0-rep1,native,HumanEval/18,18,deepseek-v4-pro,repair,0,1,5.0,0,no_candidate,no_candidate,0,complete,,False,,frozen,,,,5.001695685999948,5.0148687690000315,0.0016956859999481821,0.012434752,0,0,,,,,,,0.028497920,0,0,2,,True
native-053-he18-deepseek-v4-pro-repair-delay0-rep1,native,HumanEval/18,18,deepseek-v4-pro,repair,0,1,15.0,1,pass,no_candidate,1,complete,,False,,frozen,native-053-he18-deepseek-v4-pro-repair-delay0-rep1/attempt-02,5.159865632999981,3,15.00231308399998,15.015968957000041,0.002313083999979426,0.040932672,0,0,0.012434752,0,0,0.028497920,0,0,0,0,0,6,4,True
native-054-he18-deepseek-flash-repair-delay0-rep1,native,HumanEval/18,18,deepseek-flash,repair,0,1,5.0,0,pass,pass,0,complete,,False,,frozen,native-054-he18-deepseek-flash-repair-delay0-rep1/attempt-01,1.822100981999938,3,5.000353614000005,5.012995176000004,0.0003536140000051091,0.004501632,0,0,0.0012288,0,0,0.003272832,0,0,0.010322496,0,0,3,2,False
native-054-he18-deepseek-flash-repair-delay0-rep1,native,HumanEval/18,18,deepseek-flash,repair,0,1,15.0,1,pass,pass,0,complete,,False,,frozen,native-054-he18-deepseek-flash-repair-delay0-rep1/attempt-01,1.822100981999938,3,15.006165077999981,15.017590686999938,0.006165077999980895,0.014824128,0,0,0.0012288,0,0,0.013595328,0,0,0,0,0,8,7,False
native-055-he18-deepseek-flash-resample-delay1-rep1,native,HumanEval/18,18,deepseek-flash,resample,1,1,5.0,0,pass,pass,0,complete,,False,,frozen,native-055-he18-deepseek-flash-resample-delay1-rep1/attempt-01,3.125288795000074,3,5.001374914000053,5.015443511000058,0.0013749140000527404,0.0038976,0,0,0.0019104,0,0,0.0019872,0,0,0.0058368,0,0,2,1,False
native-055-he18-deepseek-flash-resample-delay1-rep1,native,HumanEval/18,18,deepseek-flash,resample,1,1,15.0,1,pass,pass,0,complete,,False,,frozen,native-055-he18-deepseek-flash-resample-delay1-rep1/attempt-01,3.125288795000074,3,15.001640389000045,15.015269579999995,0.0016403890000447063,0.0097344,0,0,0.0019104,0,0,0.0078240,0,0,0,0,0,5,4,False
native-056-he18-deepseek-flash-repair-delay1-rep1,native,HumanEval/18,18,deepseek-flash,repair,1,1,5.0,0,pass,pass,0,complete,,False,,frozen,native-056-he18-deepseek-flash-repair-delay1-rep1/attempt-01,3.3099723240000003,3,5.001368265999986,5.012448758999994,0.0013682659999858515,0.004239744,0,0,0.0019008,0,0,0.002338944,0,0,0.005969664,0,0,2,1,False
native-056-he18-deepseek-flash-repair-delay1-rep1,native,HumanEval/18,18,deepseek-flash,repair,1,1,15.0,1,pass,pass,0,complete,,False,,frozen,native-056-he18-deepseek-flash-repair-delay1-rep1/attempt-01,3.3099723240000003,3,15.004158189000009,15.018459456000073,0.004158189000008861,0.010209408,0,0,0.0019008,0,0,0.008308608,0,0,0,0,0,5,4,False
native-057-he31-deepseek-flash-repair-delay1-rep1,native,HumanEval/31,31,deepseek-flash,repair,1,1,5.0,0,pass,pass,0,complete,,False,,frozen,native-057-he31-deepseek-flash-repair-delay1-rep1/attempt-01,3.1755030919999854,7,5.001360662000025,5.013947969000014,0.001360662000024604,0.005838144,0,0,0.0025296,0,0,0.003308544,0,0,0.007120128,0,0,2,1,False
native-057-he31-deepseek-flash-repair-delay1-rep1,native,HumanEval/31,31,deepseek-flash,repair,1,1,15.0,1,pass,pass,0,complete,,False,,frozen,native-057-he31-deepseek-flash-repair-delay1-rep1/attempt-01,3.1755030919999854,7,15.001216182999997,15.013977178000005,0.0012161829999968177,0.012958272,0,0,0.0025296,0,0,0.010428672,0,0,0,0,0,5,4,False
native-058-he31-deepseek-flash-repair-delay0-rep1,native,HumanEval/31,31,deepseek-flash,repair,0,1,5.0,0,pass,pass,0,complete,,False,,frozen,native-058-he31-deepseek-flash-repair-delay0-rep1/attempt-01,2.4152951190000067,7,5.00506756599998,5.0176497630000085,0.005067565999979706,0.008153664,0,0,0.002616,0,0,0.005537664,0,0,0.009871104,0,0,3,2,False
native-058-he31-deepseek-flash-repair-delay0-rep1,native,HumanEval/31,31,deepseek-flash,repair,0,1,15.0,1,pass,pass,0,complete,,False,,frozen,native-058-he31-deepseek-flash-repair-delay0-rep1/attempt-01,2.4152951190000067,7,15.015937631000043,15.03025078099995,0.01593763100004253,0.018024768,0,0,0.002616,0,0,0.015408768,0,0,0,0,0,7,6,False
native-059-he31-deepseek-v4-pro-repair-delay1-rep1,native,HumanEval/31,31,deepseek-v4-pro,repair,1,1,5.0,0,pass,pass,0,complete,,False,,frozen,native-059-he31-deepseek-v4-pro-repair-delay1-rep1/attempt-01,4.06444344800002,7,5.002123228000073,5.0158244629999444,0.0021232280000731407,0.018345536,0,0,0.00778272,0,0,0.010562816,0,0,0.013285888,0,0,2,1,False
native-059-he31-deepseek-v4-pro-repair-delay1-rep1,native,HumanEval/31,31,deepseek-v4-pro,repair,1,1,15.0,1,pass,pass,0,complete,,False,,frozen,native-059-he31-deepseek-v4-pro-repair-delay1-rep1/attempt-01,4.06444344800002,7,15.002362618999996,15.014912848999984,0.0023626189999959024,0.031631424,0,0,0.00778272,0,0,0.023848704,0,0,0,0,0,4,3,False
native-060-he31-deepseek-v4-pro-resample-delay0-rep1,native,HumanEval/31,31,deepseek-v4-pro,resample,0,1,5.0,0,pass,pass,0,complete,,False,,frozen,native-060-he31-deepseek-v4-pro-resample-delay0-rep1/attempt-01,2.8701144430001477,7,5.001485046000198,5.012448362999976,0.0014850460001980537,0.008707072,0,0,0.005430656,0,0,0.003276416,0,0,0.021500864,0,0,2,1,False
native-060-he31-deepseek-v4-pro-resample-delay0-rep1,native,HumanEval/31,31,deepseek-v4-pro,resample,0,1,15.0,1,pass,pass,0,complete,,False,,frozen,native-060-he31-deepseek-v4-pro-resample-delay0-rep1/attempt-01,2.8701144430001477,7,15.001296078999985,15.012520579000011,0.001296078999985184,0.030207936,0,0,0.005430656,0,0,0.024777280,0,0,0,0,0,6,5,False
native-061-he31-deepseek-flash-resample-delay1-rep1,native,HumanEval/31,31,deepseek-flash,resample,1,1,5.0,0,pass,pass,0,complete,,False,,frozen,native-061-he31-deepseek-flash-resample-delay1-rep1/attempt-01,3.0134785660000034,7,5.00345351299984,5.016640854999878,0.0034535129998403136,0.0050592,0,0,0.0025296,0,0,0.0025296,0,0,0.0067632,0,0,2,1,False
native-061-he31-deepseek-flash-resample-delay1-rep1,native,HumanEval/31,31,deepseek-flash,resample,1,1,15.0,1,pass,pass,0,complete,,False,,frozen,native-061-he31-deepseek-flash-resample-delay1-rep1/attempt-01,3.0134785660000034,7,15.002518022999993,15.01446370299982,0.0025180229999932635,0.0118224,0,0,0.0025296,0,0,0.0092928,0,0,0,0,0,5,4,False
native-062-he31-deepseek-v4-pro-repair-delay0-rep1,native,HumanEval/31,31,deepseek-v4-pro,repair,0,1,5.0,0,pass,pass,0,complete,,False,,frozen,native-062-he31-deepseek-v4-pro-repair-delay0-rep1/attempt-01,3.429439923000018,7,5.037578715000109,5.051526133000152,0.03757871500010879,0.016880512,0,0,0.006412736,0,0,0.010467776,0,0,0.023574144,0,0,2,1,False
native-062-he31-deepseek-v4-pro-repair-delay0-rep1,native,HumanEval/31,31,deepseek-v4-pro,repair,0,1,15.0,1,pass,pass,0,complete,,False,,frozen,native-062-he31-deepseek-v4-pro-repair-delay0-rep1/attempt-01,3.429439923000018,7,15.011955688000171,15.025164136000058,0.011955688000170994,0.040454656,0,0,0.006412736,0,0,0.034041920,0,0,0,0,0,5,4,False
native-063-he31-deepseek-v4-pro-resample-delay1-rep1,native,HumanEval/31,31,deepseek-v4-pro,resample,1,1,5.0,0,pass,pass,0,complete,,False,,frozen,native-063-he31-deepseek-v4-pro-resample-delay1-rep1/attempt-01,3.815447395000092,7,5.000449702999958,5.013505654000028,0.00044970299995839014,0.012001792,0,0,0.005589056,0,0,0.006412736,0,0,0.020347008,0,0,2,1,False
native-063-he31-deepseek-v4-pro-resample-delay1-rep1,native,HumanEval/31,31,deepseek-v4-pro,resample,1,1,15.0,1,pass,pass,0,complete,,False,,frozen,native-063-he31-deepseek-v4-pro-resample-delay1-rep1/attempt-01,3.815447395000092,7,15.00103204700008,15.014913249000074,0.001032047000080638,0.032348800,0,0,0.005589056,0,0,0.026759744,0,0,0,0,0,5,4,False
native-064-he31-deepseek-flash-resample-delay0-rep1,native,HumanEval/31,31,deepseek-flash,resample,0,1,5.0,0,pass,pass,0,complete,,False,,frozen,native-064-he31-deepseek-flash-resample-delay0-rep1/attempt-01,1.8893493600000966,7,5.001362666999967,5.015739220000114,0.0013626669999666774,0.0073680,0,0,0.0023088,0,0,0.0050592,0,0,0.0092352,0,0,3,2,False
native-064-he31-deepseek-flash-resample-delay0-rep1,native,HumanEval/31,31,deepseek-flash,resample,0,1,15.0,1,pass,pass,0,complete,,False,,frozen,native-064-he31-deepseek-flash-resample-delay0-rep1/attempt-01,1.8893493600000966,7,15.001691588000085,15.013412933000154,0.0016915880000851757,0.0166032,0,0,0.0023088,0,0,0.0142944,0,0,0,0,0,7,6,False
native-065-he55-deepseek-v4-pro-repair-delay1-rep2,native,HumanEval/55,55,deepseek-v4-pro,repair,1,2,5.0,0,pass,pass,0,complete,,False,,frozen,native-065-he55-deepseek-v4-pro-repair-delay1-rep2/attempt-01,3.536190063000049,3,5.004103428999997,5.018587655000147,0.00410342899999705,0.009351232,0,0,0.003403136,0,0,0.005948096,0,0,0.010004544,0,0,2,1,False
native-065-he55-deepseek-v4-pro-repair-delay1-rep2,native,HumanEval/55,55,deepseek-v4-pro,repair,1,2,15.0,1,pass,pass,0,complete,,False,,frozen,native-065-he55-deepseek-v4-pro-repair-delay1-rep2/attempt-01,3.536190063000049,3,15.004390583000031,15.018851465000125,0.004390583000031256,0.019355776,0,0,0.003403136,0,0,0.015952640,0,0,0,0,0,5,4,False
native-066-he55-deepseek-flash-resample-delay0-rep2,native,HumanEval/55,55,deepseek-flash,resample,0,2,5.0,0,pass,pass,0,complete,,False,,frozen,native-066-he55-deepseek-flash-resample-delay0-rep2/attempt-01,1.9697011319999547,3,5.000621263999847,5.012060528999882,0.0006212639998466329,0.0040152,0,0,0.0012936,0,0,0.0027216,0,0,0.0064680,0,0,3,2,False
native-066-he55-deepseek-flash-resample-delay0-rep2,native,HumanEval/55,55,deepseek-flash,resample,0,2,15.0,1,pass,pass,0,complete,,False,,frozen,native-066-he55-deepseek-flash-resample-delay0-rep2/attempt-01,1.9697011319999547,3,15.00118714999985,15.012434187999816,0.0011871499998505897,0.0104832,0,0,0.0012936,0,0,0.0091896,0,0,0,0,0,8,7,False
native-067-he55-deepseek-v4-pro-resample-delay1-rep2,native,HumanEval/55,55,deepseek-v4-pro,resample,1,2,5.0,0,pass,pass,0,complete,,False,,frozen,native-067-he55-deepseek-v4-pro-resample-delay1-rep2/attempt-01,3.939302579000014,3,5.008568362000005,5.02370335400019,0.008568362000005436,0.007313152,0,0,0.004068416,0,0,0.003244736,0,0,0.010874688,0,0,2,1,False
native-067-he55-deepseek-v4-pro-resample-delay1-rep2,native,HumanEval/55,55,deepseek-v4-pro,resample,1,2,15.0,1,pass,pass,0,complete,,False,,frozen,native-067-he55-deepseek-v4-pro-resample-delay1-rep2/attempt-01,3.939302579000014,3,15.005043809000199,15.019700830000147,0.005043809000198962,0.018187840,0,0,0.004068416,0,0,0.014119424,0,0,0,0,0,5,4,False
native-068-he55-deepseek-flash-repair-delay0-rep2,native,HumanEval/55,55,deepseek-flash,repair,0,2,5.0,0,pass,pass,0,complete,,False,,frozen,native-068-he55-deepseek-flash-repair-delay0-rep2/attempt-01,1.8345397749999393,3,5.002168519999941,5.014601713000047,0.0021685199999410543,0.004298976,0,0,0.0014184,0,0,0.002880576,0,0,0.007201440,0,0,3,2,False
native-068-he55-deepseek-flash-repair-delay0-rep2,native,HumanEval/55,55,deepseek-flash,repair,0,2,15.0,1,pass,pass,0,complete,,False,,frozen,native-068-he55-deepseek-flash-repair-delay0-rep2/attempt-01,1.8345397749999393,3,15.002184939000017,15.012816029000078,0.0021849390000170388,0.011500416,0,0,0.0014184,0,0,0.010082016,0,0,0,0,0,8,7,False
native-069-he55-deepseek-v4-pro-resample-delay0-rep2,native,HumanEval/55,55,deepseek-v4-pro,resample,0,2,5.0,0,pass,pass,0,complete,,False,,frozen,native-069-he55-deepseek-v4-pro-resample-delay0-rep2/attempt-01,2.4139829009998266,3,5.001348506999875,5.013784791999797,0.0013485069998750987,0.009670848,0,0,0.003403136,0,0,0.006267712,0,0,0.011381568,0,0,3,2,False
native-069-he55-deepseek-v4-pro-resample-delay0-rep2,native,HumanEval/55,55,deepseek-v4-pro,resample,0,2,15.0,1,pass,pass,0,complete,,False,,frozen,native-069-he55-deepseek-v4-pro-resample-delay0-rep2/attempt-01,2.4139829009998266,3,15.001792510999849,15.01603309899997,0.0017925109998486732,0.021052416,0,0,0.003403136,0,0,0.017649280,0,0,0,0,0,6,5,False
native-070-he55-deepseek-flash-repair-delay1-rep2,native,HumanEval/55,55,deepseek-flash,repair,1,2,5.0,0,pass,pass,0,complete,,False,,frozen,native-070-he55-deepseek-flash-repair-delay1-rep2/attempt-01,2.918990023999868,3,5.001570516999891,5.0128720159998466,0.0015705169998909696,0.003226944,0,0,0.0014472,0,0,0.001779744,0,0,0.004388064,0,0,2,1,False
native-070-he55-deepseek-flash-repair-delay1-rep2,native,HumanEval/55,55,deepseek-flash,repair,1,2,15.0,1,pass,pass,0,complete,,False,,frozen,native-070-he55-deepseek-flash-repair-delay1-rep2/attempt-01,2.918990023999868,3,15.00240276799991,15.015334445000008,0.002402767999910793,0.007615008,0,0,0.0014472,0,0,0.006167808,0,0,0,0,0,5,4,False
native-071-he55-deepseek-v4-pro-repair-delay0-rep2,native,HumanEval/55,55,deepseek-v4-pro,repair,0,2,5.0,0,pass,pass,0,complete,,False,,frozen,native-071-he55-deepseek-v4-pro-repair-delay0-rep2/attempt-01,2.45769052799983,3,5.001064891999931,5.0129480030000195,0.0010648919999312056,0.006737984,0,0,0.003403136,0,0,0.003334848,0,0,0.015973760,0,0,2,1,False
native-071-he55-deepseek-v4-pro-repair-delay0-rep2,native,HumanEval/55,55,deepseek-v4-pro,repair,0,2,15.0,1,pass,pass,0,complete,,False,,frozen,native-071-he55-deepseek-v4-pro-repair-delay0-rep2/attempt-01,2.45769052799983,3,15.001085148999891,15.012415264999845,0.0010851489998913166,0.022711744,0,0,0.003403136,0,0,0.019308608,0,0,0,0,0,6,5,False
native-072-he55-deepseek-flash-resample-delay1-rep2,native,HumanEval/55,55,deepseek-flash,resample,1,2,5.0,0,pass,pass,0,complete,,False,,frozen,native-072-he55-deepseek-flash-resample-delay1-rep2/attempt-01,3.0322362129998055,3,5.004794408999942,5.020083943999907,0.004794408999941879,0.0027120,0,0,0.0014184,0,0,0.0012936,0,0,0.0054048,0,0,2,1,False
native-072-he55-deepseek-flash-resample-delay1-rep2,native,HumanEval/55,55,deepseek-flash,resample,1,2,15.0,1,pass,pass,0,complete,,False,,frozen,native-072-he55-deepseek-flash-resample-delay1-rep2/attempt-01,3.0322362129998055,3,15.00323165199984,15.01479760899997,0.0032316519998403237,0.0081168,0,0,0.0014184,0,0,0.0066984,0,0,0,0,0,6,5,False
native-073-he32-deepseek-flash-repair-delay1-rep2,native,HumanEval/32,32,deepseek-flash,repair,1,2,5.0,0,fail,fail,0,complete,,False,,frozen,native-073-he32-deepseek-flash-repair-delay1-rep2/attempt-01,4.614595634000125,2,5.002238357000124,5.016029678999985,0.0022383570001238695,0.012312720,0,0,0.005623344,0,0,0.006689376,0,0,0.012584352,0,0,2,1,False
native-073-he32-deepseek-flash-repair-delay1-rep2,native,HumanEval/32,32,deepseek-flash,repair,1,2,15.0,1,fail,fail,0,complete,,False,,frozen,native-073-he32-deepseek-flash-repair-delay1-rep2/attempt-01,4.614595634000125,2,15.001594065000063,15.012649126000042,0.001594065000062983,0.024897072,0,0,0.005623344,0,0,0.019273728,0,0,0,0,0,4,3,False
native-074-he32-deepseek-v4-pro-resample-delay0-rep2,native,HumanEval/32,32,deepseek-v4-pro,resample,0,2,5.0,0,no_candidate,no_candidate,0,complete,,False,,frozen,,,,5.001639506000174,5.014776542000163,0.0016395060001741513,0.012099648,0,0,,,,,,,0.035255616,0,0,1,,False
native-074-he32-deepseek-v4-pro-resample-delay0-rep2,native,HumanEval/32,32,deepseek-v4-pro,resample,0,2,15.0,1,fail,fail,0,complete,,False,,frozen,native-074-he32-deepseek-v4-pro-resample-delay0-rep2/attempt-01,5.100961836000124,2,15.006751560000112,15.021741491000057,0.006751560000111567,0.047355264,0,0,0.012099648,0,0,0.035255616,0,0,0,0,0,3,2,False
native-075-he32-deepseek-v4-pro-resample-delay1-rep2,native,HumanEval/32,32,deepseek-v4-pro,resample,1,2,5.0,0,no_candidate,no_candidate,0,complete,,False,,frozen,,,,5.001116989000138,5.0146856450001,0.0011169890001383465,0.013556928,0,0,,,,,,,0.030566976,0,0,1,,False
native-075-he32-deepseek-v4-pro-resample-delay1-rep2,native,HumanEval/32,32,deepseek-v4-pro,resample,1,2,15.0,1,fail,fail,0,complete,,False,,frozen,native-075-he32-deepseek-v4-pro-resample-delay1-rep2/attempt-01,6.2605398680000235,2,15.003333765999969,15.015230817999964,0.0033337659999688185,0.044123904,0,0,0.013556928,0,0,0.030566976,0,0,0,0,0,3,2,False
native-076-he32-deepseek-v4-pro-repair-delay0-rep2,native,HumanEval/32,32,deepseek-v4-pro,repair,0,2,5.0,0,no_candidate,no_candidate,0,complete,,False,,frozen,,,,5.001747590999912,5.016049082999871,0.0017475909999120631,0.030954880,0,0,,,,,,,0.02119744,0,0,2,,True
native-076-he32-deepseek-v4-pro-repair-delay0-rep2,native,HumanEval/32,32,deepseek-v4-pro,repair,0,2,15.0,1,fail,no_candidate,0,complete,,False,,frozen,native-076-he32-deepseek-v4-pro-repair-delay0-rep2/attempt-02,10.934509832000003,2,15.00461839899981,15.018274262999967,0.0046183989998098696,0.052152320,0,0,0.030954880,0,0,0.02119744,0,0,0,0,0,3,1,True
native-077-he32-deepseek-flash-resample-delay0-rep2,native,HumanEval/32,32,deepseek-flash,resample,0,2,5.0,0,fail,fail,0,complete,,False,,frozen,native-077-he32-deepseek-flash-resample-delay0-rep2/attempt-01,3.0773227019999467,2,5.013211791999993,5.028892410000026,0.013211791999992784,0.008913888,0,0,0.004154544,0,0,0.004759344,0,0,0.015122832,0,0,2,1,False
native-077-he32-deepseek-flash-resample-delay0-rep2,native,HumanEval/32,32,deepseek-flash,resample,0,2,15.0,1,fail,fail,0,complete,,False,,frozen,native-077-he32-deepseek-flash-resample-delay0-rep2/attempt-01,3.0773227019999467,2,15.002200669000104,15.017924532000052,0.0022006690001035167,0.024036720,0,0,0.004154544,0,0,0.019882176,0,0,0,0,0,5,4,False
native-078-he32-deepseek-v4-pro-repair-delay1-rep2,native,HumanEval/32,32,deepseek-v4-pro,repair,1,2,5.0,0,no_candidate,no_candidate,0,complete,,False,,frozen,,,,5.007115572999965,5.019484136000074,0.00711557299996457,0.015204288,0,0,,,,,,,0.029632768,0,0,1,,True
native-078-he32-deepseek-v4-pro-repair-delay1-rep2,native,HumanEval/32,32,deepseek-v4-pro,repair,1,2,15.0,1,fail,no_candidate,0,complete,,False,,frozen,native-078-he32-deepseek-v4-pro-repair-delay1-rep2/attempt-02,10.847047359000044,2,15.002124976000005,15.01408318599988,0.002124976000004608,0.044837056,0,0,0.028349376,0,0,0.01648768,0,0,0,0,0,3,1,True
native-079-he32-deepseek-flash-repair-delay0-rep2,native,HumanEval/32,32,deepseek-flash,repair,0,2,5.0,0,fail,fail,0,complete,,False,,frozen,native-079-he32-deepseek-flash-repair-delay0-rep2/attempt-01,3.0211635339999248,2,5.002444971999921,5.014275172999987,0.0024449719999211084,0.009367920,0,0,0.004548144,0,0,0.004819776,0,0,0.016704768,0,0,2,1,False
native-079-he32-deepseek-flash-repair-delay0-rep2,native,HumanEval/32,32,deepseek-flash,repair,0,2,15.0,1,fail,fail,0,complete,,False,,frozen,native-079-he32-deepseek-flash-repair-delay0-rep2/attempt-01,3.0211635339999248,2,15.002599216999897,15.013975914999946,0.0025992169998971804,0.026072688,0,0,0.004548144,0,0,0.021524544,0,0,0,0,0,6,5,False
native-080-he32-deepseek-flash-resample-delay1-rep2,native,HumanEval/32,32,deepseek-flash,resample,1,2,5.0,0,timeout,timeout,0,complete,,False,,frozen,native-080-he32-deepseek-flash-resample-delay1-rep2/attempt-01,3.7533853949998957,2,5.00179915700005,5.014199525999857,0.0017991570000503998,0.007886688,0,0,0.003885744,0,0,0.004000944,0,0,0.008155488,0,0,2,1,False
native-080-he32-deepseek-flash-resample-delay1-rep2,native,HumanEval/32,32,deepseek-flash,resample,1,2,15.0,1,timeout,timeout,0,complete,,False,,frozen,native-080-he32-deepseek-flash-resample-delay1-rep2/attempt-01,3.7533853949998957,2,15.035849766999945,15.051012852999975,0.03584976699994513,0.016042176,0,0,0.003885744,0,0,0.012156432,0,0,0,0,0,4,3,False
native-081-he7-deepseek-flash-repair-delay1-rep2,native,HumanEval/7,7,deepseek-flash,repair,1,2,5.0,0,pass,pass,0,complete,,False,,frozen,native-081-he7-deepseek-flash-repair-delay1-rep2/attempt-01,2.7852187070000127,2,5.003487981000035,5.016737634000037,0.003487981000034779,0.002990688,0,0,0.0015072,0,0,0.001483488,0,0,0.005972352,0,0,2,1,False
native-081-he7-deepseek-flash-repair-delay1-rep2,native,HumanEval/7,7,deepseek-flash,repair,1,2,15.0,1,pass,pass,0,complete,,False,,frozen,native-081-he7-deepseek-flash-repair-delay1-rep2/attempt-01,2.7852187070000127,2,15.002637590999939,15.016449130999945,0.002637590999938766,0.008963040,0,0,0.0015072,0,0,0.007455840,0,0,0,0,0,6,5,False
native-082-he7-deepseek-flash-resample-delay0-rep2,native,HumanEval/7,7,deepseek-flash,resample,0,2,5.0,0,pass,pass,0,complete,,False,,frozen,native-082-he7-deepseek-flash-resample-delay0-rep2/attempt-01,2.154532804999917,2,5.002197326999976,5.0137855059999765,0.0021973269999762124,0.0045216,0,0,0.0015072,0,0,0.0030144,0,0,0.0090432,0,0,3,2,False
native-082-he7-deepseek-flash-resample-delay0-rep2,native,HumanEval/7,7,deepseek-flash,resample,0,2,15.0,1,pass,pass,0,complete,,False,,frozen,native-082-he7-deepseek-flash-resample-delay0-rep2/attempt-01,2.154532804999917,2,15.000968832999888,15.013318903999789,0.0009688329998880363,0.0135648,0,0,0.0015072,0,0,0.0120576,0,0,0,0,0,9,8,False
native-083-he7-deepseek-v4-pro-repair-delay0-rep2,native,HumanEval/7,7,deepseek-v4-pro,repair,0,2,5.0,0,pass,pass,0,complete,,False,,frozen,native-083-he7-deepseek-v4-pro-repair-delay0-rep2/attempt-01,2.547702963999882,2,5.001795939999965,5.014577568999812,0.0017959399999654124,0.008533184,0,0,0.004364096,0,0,0.004169088,0,0,0.016929792,0,0,2,1,False
native-083-he7-deepseek-v4-pro-repair-delay0-rep2,native,HumanEval/7,7,deepseek-v4-pro,repair,0,2,15.0,1,pass,pass,0,complete,,False,,frozen,native-083-he7-deepseek-v4-pro-repair-delay0-rep2/attempt-01,2.547702963999882,2,15.001397370999939,15.013455455999974,0.0013973709999390849,0.025462976,0,0,0.004364096,0,0,0.021098880,0,0,0,0,0,6,5,False
native-084-he7-deepseek-flash-repair-delay0-rep2,native,HumanEval/7,7,deepseek-flash,repair,0,2,5.0,0,pass,pass,0,complete,,False,,frozen,native-084-he7-deepseek-flash-repair-delay0-rep2/attempt-01,1.7484367090000887,2,5.003704822999907,5.01792129699993,0.0037048229999072646,0.004512576,0,0,0.0015456,0,0,0.002966976,0,0,0.007417440,0,0,3,2,False
native-084-he7-deepseek-flash-repair-delay0-rep2,native,HumanEval/7,7,deepseek-flash,repair,0,2,15.0,1,pass,pass,0,complete,,False,,frozen,native-084-he7-deepseek-flash-repair-delay0-rep2/attempt-01,1.7484367090000887,2,15.002729471000066,15.016694874999985,0.0027294710000660416,0.011930016,0,0,0.0015456,0,0,0.010384416,0,0,0,0,0,8,7,False
native-085-he7-deepseek-v4-pro-repair-delay1-rep2,native,HumanEval/7,7,deepseek-v4-pro,repair,1,2,5.0,0,pass,pass,0,complete,,False,,frozen,native-085-he7-deepseek-v4-pro-repair-delay1-rep2/attempt-01,3.5418363909998334,2,5.009082751999813,5.022680756999989,0.0090827519998129,0.008533184,0,0,0.004364096,0,0,0.004169088,0,0,0.012887424,0,0,2,1,False
native-085-he7-deepseek-v4-pro-repair-delay1-rep2,native,HumanEval/7,7,deepseek-v4-pro,repair,1,2,15.0,1,pass,pass,0,complete,,False,,frozen,native-085-he7-deepseek-v4-pro-repair-delay1-rep2/attempt-01,3.5418363909998334,2,15.005587913,15.019811482999785,0.005587912999999389,0.021420608,0,0,0.004364096,0,0,0.017056512,0,0,0,0,0,5,4,False
native-086-he7-deepseek-v4-pro-resample-delay0-rep2,native,HumanEval/7,7,deepseek-v4-pro,resample,0,2,5.0,0,pass,pass,0,complete,,False,,frozen,native-086-he7-deepseek-v4-pro-resample-delay0-rep2/attempt-01,2.5891182620000563,2,5.001353577999907,5.012888292000071,0.0013535779999074293,0.008728192,0,0,0.004364096,0,0,0.004364096,0,0,0.017456384,0,0,2,1,False
native-086-he7-deepseek-v4-pro-resample-delay0-rep2,native,HumanEval/7,7,deepseek-v4-pro,resample,0,2,15.0,1,pass,pass,0,complete,,False,,frozen,native-086-he7-deepseek-v4-pro-resample-delay0-rep2/attempt-01,2.5891182620000563,2,15.025991243999897,15.039629255999898,0.02599124399989705,0.026184576,0,0,0.004364096,0,0,0.021820480,0,0,0,0,0,6,5,False
native-087-he7-deepseek-flash-resample-delay1-rep2,native,HumanEval/7,7,deepseek-flash,resample,1,2,5.0,0,pass,pass,0,complete,,False,,frozen,native-087-he7-deepseek-flash-resample-delay1-rep2/attempt-01,2.9760084299998653,2,5.019902345999981,5.030714239999952,0.019902345999980753,0.0030144,0,0,0.0015072,0,0,0.0015072,0,0,0.0060288,0,0,2,1,False
native-087-he7-deepseek-flash-resample-delay1-rep2,native,HumanEval/7,7,deepseek-flash,resample,1,2,15.0,1,pass,pass,0,complete,,False,,frozen,native-087-he7-deepseek-flash-resample-delay1-rep2/attempt-01,2.9760084299998653,2,15.01223048099996,15.026768935999826,0.012230480999960491,0.0090432,0,0,0.0015072,0,0,0.0075360,0,0,0,0,0,6,5,False
native-088-he7-deepseek-v4-pro-resample-delay1-rep2,native,HumanEval/7,7,deepseek-v4-pro,resample,1,2,5.0,0,pass,pass,0,complete,,False,,frozen,native-088-he7-deepseek-v4-pro-resample-delay1-rep2/attempt-01,4.053739125999982,2,5.002547327000002,5.015684370999907,0.002547327000002042,0.008728192,0,0,0.004364096,0,0,0.004364096,0,0,0.008728192,0,0,2,1,False
native-088-he7-deepseek-v4-pro-resample-delay1-rep2,native,HumanEval/7,7,deepseek-v4-pro,resample,1,2,15.0,1,pass,pass,0,complete,,False,,frozen,native-088-he7-deepseek-v4-pro-resample-delay1-rep2/attempt-01,4.053739125999982,2,15.001975738000056,15.013462200000049,0.0019757380000555713,0.017456384,0,0,0.004364096,0,0,0.013092288,0,0,0,0,0,4,3,False
native-089-he56-deepseek-v4-pro-resample-delay1-rep2,native,HumanEval/56,56,deepseek-v4-pro,resample,1,2,5.0,0,pass,pass,0,complete,,False,,frozen,native-089-he56-deepseek-v4-pro-resample-delay1-rep2/attempt-01,4.1557627049999155,4,5.003835055000081,5.018347940000012,0.003835055000081411,0.011072512,0,0,0.005536256,0,0,0.005536256,0,0,0.011072512,0,0,2,1,False
native-089-he56-deepseek-v4-pro-resample-delay1-rep2,native,HumanEval/56,56,deepseek-v4-pro,resample,1,2,15.0,1,pass,pass,0,complete,,False,,frozen,native-089-he56-deepseek-v4-pro-resample-delay1-rep2/attempt-01,4.1557627049999155,4,15.010864381999909,15.026755041999877,0.010864381999908801,0.022145024,0,0,0.005536256,0,0,0.016608768,0,0,0,0,0,4,3,False
native-090-he56-deepseek-flash-resample-delay1-rep2,native,HumanEval/56,56,deepseek-flash,resample,1,2,5.0,0,pass,pass,0,complete,,False,,frozen,native-090-he56-deepseek-flash-resample-delay1-rep2/attempt-01,2.945496895000133,4,5.00163481200002,5.012731327999973,0.001634812000020247,0.0037248,0,0,0.0018624,0,0,0.0018624,0,0,0.0074880,0,0,2,1,False
native-090-he56-deepseek-flash-resample-delay1-rep2,native,HumanEval/56,56,deepseek-flash,resample,1,2,15.0,1,pass,pass,0,complete,,False,,frozen,native-090-he56-deepseek-flash-resample-delay1-rep2/attempt-01,2.945496895000133,4,15.001172638000071,15.014551452999967,0.0011726380000709469,0.0112128,0,0,0.0018624,0,0,0.0093504,0,0,0,0,0,6,5,False
native-091-he56-deepseek-flash-resample-delay0-rep2,native,HumanEval/56,56,deepseek-flash,resample,0,2,5.0,0,pass,pass,0,complete,,False,,frozen,native-091-he56-deepseek-flash-resample-delay0-rep2/attempt-01,1.933420821000027,4,5.000724827000113,5.013298309999982,0.0007248270001127821,0.0055872,0,0,0.0018624,0,0,0.0037248,0,0,0.0094656,0,0,3,2,False
native-091-he56-deepseek-flash-resample-delay0-rep2,native,HumanEval/56,56,deepseek-flash,resample,0,2,15.0,1,pass,pass,0,complete,,False,,frozen,native-091-he56-deepseek-flash-resample-delay0-rep2/attempt-01,1.933420821000027,4,15.004750750000085,15.01749473200016,0.004750750000084736,0.0150528,0,0,0.0018624,0,0,0.0131904,0,0,0,0,0,8,7,False
native-092-he56-deepseek-v4-pro-repair-delay1-rep2,native,HumanEval/56,56,deepseek-v4-pro,repair,1,2,5.0,0,pass,pass,0,complete,,False,,frozen,native-092-he56-deepseek-v4-pro-repair-delay1-rep2/attempt-01,3.7822895620001873,4,5.003381352000133,5.018661527000177,0.00338135200013312,0.013240128,0,0,0.005536256,0,0,0.007703872,0,0,0.014111680,0,0,2,1,False
native-092-he56-deepseek-v4-pro-repair-delay1-rep2,native,HumanEval/56,56,deepseek-v4-pro,repair,1,2,15.0,1,pass,pass,0,complete,,False,,frozen,native-092-he56-deepseek-v4-pro-repair-delay1-rep2/attempt-01,3.7822895620001873,4,15.001327012000047,15.015867516000071,0.0013270120000470342,0.027351808,0,0,0.005536256,0,0,0.021815552,0,0,0,0,0,4,3,False
native-093-he56-deepseek-v4-pro-repair-delay0-rep2,native,HumanEval/56,56,deepseek-v4-pro,repair,0,2,5.0,0,pass,pass,0,complete,,False,,frozen,native-093-he56-deepseek-v4-pro-repair-delay0-rep2/attempt-01,2.994612373000109,4,5.002657952999925,5.014598170999989,0.002657952999925328,0.013240128,0,0,0.005536256,0,0,0.007703872,0,0,0.019202304,0,0,2,1,False
native-093-he56-deepseek-v4-pro-repair-delay0-rep2,native,HumanEval/56,56,deepseek-v4-pro,repair,0,2,15.0,1,pass,pass,0,complete,,False,,frozen,native-093-he56-deepseek-v4-pro-repair-delay0-rep2/attempt-01,2.994612373000109,4,15.001261202000023,15.012853562999908,0.0012612020000233315,0.032442432,0,0,0.005536256,0,0,0.026906176,0,0,0,0,0,5,4,False
native-094-he56-deepseek-flash-repair-delay1-rep2,native,HumanEval/56,56,deepseek-flash,repair,1,2,5.0,0,pass,pass,0,complete,,False,,frozen,native-094-he56-deepseek-flash-repair-delay1-rep2/attempt-01,3.466818159000013,4,5.00221762000001,5.013697450000109,0.0022176200000103563,0.004165344,0,0,0.0018624,0,0,0.002302944,0,0,0.005102496,0,0,2,1,False
native-094-he56-deepseek-flash-repair-delay1-rep2,native,HumanEval/56,56,deepseek-flash,repair,1,2,15.0,1,pass,pass,0,complete,,False,,frozen,native-094-he56-deepseek-flash-repair-delay1-rep2/attempt-01,3.466818159000013,4,15.00334107699996,15.016967121000107,0.003341076999959114,0.009267840,0,0,0.0018624,0,0,0.007405440,0,0,0,0,0,5,4,False
native-095-he56-deepseek-v4-pro-resample-delay0-rep2,native,HumanEval/56,56,deepseek-v4-pro,resample,0,2,5.0,0,pass,pass,0,complete,,False,,frozen,native-095-he56-deepseek-v4-pro-resample-delay0-rep2/attempt-01,2.8451988609999717,4,5.001162368999985,5.013137199999846,0.0011623689999851194,0.011072512,0,0,0.005536256,0,0,0.005536256,0,0,0.022145024,0,0,2,1,False
native-095-he56-deepseek-v4-pro-resample-delay0-rep2,native,HumanEval/56,56,deepseek-v4-pro,resample,0,2,15.0,1,pass,pass,0,complete,,False,,frozen,native-095-he56-deepseek-v4-pro-resample-delay0-rep2/attempt-01,2.8451988609999717,4,15.001093226999956,15.015205777999881,0.001093226999955732,0.033217536,0,0,0.005536256,0,0,0.027681280,0,0,0,0,0,6,5,False
native-096-he56-deepseek-flash-repair-delay0-rep2,native,HumanEval/56,56,deepseek-flash,repair,0,2,5.0,0,pass,pass,0,complete,,False,,frozen,native-096-he56-deepseek-flash-repair-delay0-rep2/attempt-01,2.1887638499999866,4,5.0030487110000195,5.018245505000095,0.003048711000019466,0.005264064,0,0,0.0018624,0,0,0.003401664,0,0,0.008542560,0,0,3,2,False
native-096-he56-deepseek-flash-repair-delay0-rep2,native,HumanEval/56,56,deepseek-flash,repair,0,2,15.0,1,pass,pass,0,complete,,False,,frozen,native-096-he56-deepseek-flash-repair-delay0-rep2/attempt-01,2.1887638499999866,4,15.004092235000144,15.019140905000086,0.0040922350001437735,0.013806624,0,0,0.0018624,0,0,0.011944224,0,0,0,0,0,8,7,False
native-097-he16-deepseek-flash-repair-delay1-rep2,native,HumanEval/16,16,deepseek-flash,repair,1,2,5.0,0,pass,pass,0,complete,,False,,frozen,native-097-he16-deepseek-flash-repair-delay1-rep2/attempt-01,2.6381953330001124,2,5.005533747000072,5.020116422000001,0.005533747000072253,0.001321344,0,0,0.0006672,0,0,0.000654144,0,0,0.003785376,0,0,2,1,False
native-097-he16-deepseek-flash-repair-delay1-rep2,native,HumanEval/16,16,deepseek-flash,repair,1,2,15.0,1,pass,pass,0,complete,,False,,frozen,native-097-he16-deepseek-flash-repair-delay1-rep2/attempt-01,2.6381953330001124,2,15.001844851999977,15.014545988999998,0.0018448519999765267,0.005106720,0,0,0.0006672,0,0,0.004439520,0,0,0,0,0,6,5,False
native-098-he16-deepseek-flash-resample-delay1-rep2,native,HumanEval/16,16,deepseek-flash,resample,1,2,5.0,0,pass,pass,0,complete,,False,,frozen,native-098-he16-deepseek-flash-resample-delay1-rep2/attempt-01,2.6497176949999357,2,5.002142878000086,5.013290645000097,0.002142878000086057,0.002352,0,0,0.001176,0,0,0.001176,0,0,0.004704,0,0,2,1,False
native-098-he16-deepseek-flash-resample-delay1-rep2,native,HumanEval/16,16,deepseek-flash,resample,1,2,15.0,1,pass,pass,0,complete,,False,,frozen,native-098-he16-deepseek-flash-resample-delay1-rep2/attempt-01,2.6497176949999357,2,15.001190726000004,15.014498481000146,0.0011907260000043607,0.007056,0,0,0.001176,0,0,0.005880,0,0,0,0,0,6,5,False
native-099-he16-deepseek-v4-pro-repair-delay0-rep2,native,HumanEval/16,16,deepseek-v4-pro,repair,0,2,5.0,0,pass,pass,0,complete,,False,,frozen,native-099-he16-deepseek-v4-pro-repair-delay0-rep2/attempt-01,2.530461757000012,2,5.001033515000017,5.012366562000125,0.0010335150000173599,0.010785280,0,0,0.003086336,0,0,0.007698944,0,0,0.015397888,0,0,3,2,False
native-099-he16-deepseek-v4-pro-repair-delay0-rep2,native,HumanEval/16,16,deepseek-v4-pro,repair,0,2,15.0,1,pass,pass,0,complete,,False,,frozen,native-099-he16-deepseek-v4-pro-repair-delay0-rep2/attempt-01,2.530461757000012,2,15.003019431999974,15.016405876000135,0.0030194319999736763,0.026183168,0,0,0.003086336,0,0,0.023096832,0,0,0,0,0,7,6,False
native-100-he16-deepseek-v4-pro-repair-delay1-rep2,native,HumanEval/16,16,deepseek-v4-pro,repair,1,2,5.0,0,pass,pass,0,complete,,False,,frozen,native-100-he16-deepseek-v4-pro-repair-delay1-rep2/attempt-01,3.5259840930000337,2,5.002156193000019,5.0146680760001345,0.0021561930000189022,0.007051968,0,0,0.003213056,0,0,0.003838912,0,0,0.011516736,0,0,2,1,False
native-100-he16-deepseek-v4-pro-repair-delay1-rep2,native,HumanEval/16,16,deepseek-v4-pro,repair,1,2,15.0,1,pass,pass,0,complete,,False,,frozen,native-100-he16-deepseek-v4-pro-repair-delay1-rep2/attempt-01,3.5259840930000337,2,15.00623092900014,15.01905398200006,0.00623092900013944,0.018568704,0,0,0.003213056,0,0,0.015355648,0,0,0,0,0,5,4,False
native-101-he16-deepseek-flash-resample-delay0-rep2,native,HumanEval/16,16,deepseek-flash,resample,0,2,5.0,0,pass,pass,0,complete,,False,,frozen,native-101-he16-deepseek-flash-resample-delay0-rep2/attempt-01,2.0411989760000324,2,5.001244064000048,5.015109207000023,0.0012440640000477288,0.003528,0,0,0.001176,0,0,0.002352,0,0,0.0065472,0,0,3,2,False
native-101-he16-deepseek-flash-resample-delay0-rep2,native,HumanEval/16,16,deepseek-flash,resample,0,2,15.0,1,pass,pass,0,complete,,False,,frozen,native-101-he16-deepseek-flash-resample-delay0-rep2/attempt-01,2.0411989760000324,2,15.001437732000113,15.016031332000011,0.001437732000113101,0.0100752,0,0,0.001176,0,0,0.0088992,0,0,0,0,0,9,8,False
native-102-he16-deepseek-v4-pro-resample-delay0-rep2,native,HumanEval/16,16,deepseek-v4-pro,resample,0,2,5.0,0,pass,no_candidate,1,complete,,False,,frozen,native-102-he16-deepseek-v4-pro-resample-delay0-rep2/attempt-02,4.155855142000064,2,5.001473567999938,5.015833189999967,0.0014735679999375861,0.009955968,0,0,0.006869632,0,0,0.003086336,0,0,0.012345344,0,0,3,1,True
native-102-he16-deepseek-v4-pro-resample-delay0-rep2,native,HumanEval/16,16,deepseek-v4-pro,resample,0,2,15.0,1,pass,no_candidate,1,complete,,False,,frozen,native-102-he16-deepseek-v4-pro-resample-delay0-rep2/attempt-02,4.155855142000064,2,15.007925435000061,15.01950925999995,0.007925435000061043,0.022301312,0,0,0.006869632,0,0,0.015431680,0,0,0,0,0,7,5,True
native-103-he16-deepseek-flash-repair-delay0-rep2,native,HumanEval/16,16,deepseek-flash,repair,0,2,5.0,0,pass,pass,0,complete,,False,,frozen,native-103-he16-deepseek-flash-repair-delay0-rep2/attempt-01,1.9885493090000637,2,5.001206305000096,5.012856331999956,0.0012063050000961084,0.003842688,0,0,0.001176,0,0,0.002666688,0,0,0.006609120,0,0,3,2,False
native-103-he16-deepseek-flash-repair-delay0-rep2,native,HumanEval/16,16,deepseek-flash,repair,0,2,15.0,1,pass,pass,0,complete,,False,,frozen,native-103-he16-deepseek-flash-repair-delay0-rep2/attempt-01,1.9885493090000637,2,15.041634890000068,15.053562241999998,0.04163489000006848,0.010451808,0,0,0.001176,0,0,0.009275808,0,0,0,0,0,8,7,False
native-104-he16-deepseek-v4-pro-resample-delay1-rep2,native,HumanEval/16,16,deepseek-v4-pro,resample,1,2,5.0,0,pass,pass,0,complete,,False,,frozen,native-104-he16-deepseek-v4-pro-resample-delay1-rep2/attempt-01,3.921465012999988,2,5.004709669000022,5.016800998999997,0.004709669000021677,0.006299392,0,0,0.003086336,0,0,0.003213056,0,0,0.009639168,0,0,2,1,False
native-104-he16-deepseek-v4-pro-resample-delay1-rep2,native,HumanEval/16,16,deepseek-v4-pro,resample,1,2,15.0,1,pass,pass,0,complete,,False,,frozen,native-104-he16-deepseek-v4-pro-resample-delay1-rep2/attempt-01,3.921465012999988,2,15.012446111999907,15.024180967999882,0.012446111999906861,0.015938560,0,0,0.003086336,0,0,0.012852224,0,0,0,0,0,5,4,False
native-105-he99-deepseek-v4-pro-repair-delay0-rep2,native,HumanEval/99,99,deepseek-v4-pro,repair,0,2,5.0,0,no_candidate,no_candidate,0,complete,,False,,frozen,,,,5.003441777000035,5.015109167999981,0.0034417770000345627,0.013316864,0,0,,,,,,,0.032606464,0,0,2,,True
native-105-he99-deepseek-v4-pro-repair-delay0-rep2,native,HumanEval/99,99,deepseek-v4-pro,repair,0,2,15.0,1,pass,no_candidate,1,complete,,False,,frozen,native-105-he99-deepseek-v4-pro-repair-delay0-rep2/attempt-02,5.460125756000025,4,15.00204884599998,15.01672153000004,0.002048845999979676,0.045923328,0,0,0.013316864,0,0,0.032606464,0,0,0,0,0,6,4,True
native-106-he99-deepseek-flash-resample-delay0-rep2,native,HumanEval/99,99,deepseek-flash,resample,0,2,5.0,0,pass,pass,0,complete,,False,,frozen,native-106-he99-deepseek-flash-resample-delay0-rep2/attempt-01,1.8142084389999127,4,5.001611212999933,5.013668886000005,0.0016112129999328317,0.002821632,0,0,0.000831744,0,0,0.001989888,0,0,0.005201664,0,0,3,2,False
native-106-he99-deepseek-flash-resample-delay0-rep2,native,HumanEval/99,99,deepseek-flash,resample,0,2,15.0,1,pass,pass,0,complete,,False,,frozen,native-106-he99-deepseek-flash-resample-delay0-rep2/attempt-01,1.8142084389999127,4,15.007274600000073,15.020118747999959,0.007274600000073406,0.008023296,0,0,0.000831744,0,0,0.007191552,0,0,0,0,0,9,8,False
native-107-he99-deepseek-flash-resample-delay1-rep2,native,HumanEval/99,99,deepseek-flash,resample,1,2,5.0,0,pass,pass,0,complete,,False,,frozen,native-107-he99-deepseek-flash-resample-delay1-rep2/attempt-01,2.956423807000192,4,5.00241300100015,5.015628164000191,0.0024130010001499613,0.001615488,0,0,0.000831744,0,0,0.000783744,0,0,0.003230976,0,0,2,1,False
native-107-he99-deepseek-flash-resample-delay1-rep2,native,HumanEval/99,99,deepseek-flash,resample,1,2,15.0,1,pass,pass,0,complete,,False,,frozen,native-107-he99-deepseek-flash-resample-delay1-rep2/attempt-01,2.956423807000192,4,15.002246843000194,15.014432093000096,0.0022468430001936213,0.004846464,0,0,0.000831744,0,0,0.004014720,0,0,0,0,0,6,5,False
native-108-he99-deepseek-flash-repair-delay0-rep2,native,HumanEval/99,99,deepseek-flash,repair,0,2,5.0,0,pass,pass,0,complete,,False,,frozen,native-108-he99-deepseek-flash-repair-delay0-rep2/attempt-01,1.4452552029999879,4,5.000625161000016,5.012657681000064,0.0006251610000163055,0.004230720,0,0,0.000831744,0,0,0.003398976,0,0,0.012200928,0,0,3,2,False
native-108-he99-deepseek-flash-repair-delay0-rep2,native,HumanEval/99,99,deepseek-flash,repair,0,2,15.0,1,pass,pass,0,complete,,False,,frozen,native-108-he99-deepseek-flash-repair-delay0-rep2/attempt-01,1.4452552029999879,4,15.00445998300006,15.016695275000075,0.004459983000060674,0.016431648,0,0,0.000831744,0,0,0.015599904,0,0,0,0,0,8,7,False
native-109-he99-deepseek-v4-pro-repair-delay1-rep2,native,HumanEval/99,99,deepseek-v4-pro,repair,1,2,5.0,0,no_candidate,no_candidate,0,complete,,False,,frozen,,,,5.014654147999863,5.027334629000052,0.014654147999863198,0.004414784,0,0,,,,,,,0.008547264,0,0,2,,True
native-109-he99-deepseek-v4-pro-repair-delay1-rep2,native,HumanEval/99,99,deepseek-v4-pro,repair,1,2,15.0,1,pass,no_candidate,1,complete,,False,,frozen,native-109-he99-deepseek-v4-pro-repair-delay1-rep2/attempt-02,5.6070078230000036,4,15.000488829999995,15.01195348400006,0.0004888299999947776,0.012962048,0,0,0.004414784,0,0,0.008547264,0,0,0,0,0,5,3,True
native-110-he99-deepseek-v4-pro-resample-delay1-rep2,native,HumanEval/99,99,deepseek-v4-pro,resample,1,2,5.0,0,no_candidate,no_candidate,0,complete,,False,,frozen,,,,5.0035770570000295,5.01702569400004,0.0035770570000295265,0.010423424,0,0,,,,,,,0.011992640,0,0,2,,True
native-110-he99-deepseek-v4-pro-resample-delay1-rep2,native,HumanEval/99,99,deepseek-v4-pro,resample,1,2,15.0,1,pass,no_candidate,1,complete,,False,,frozen,native-110-he99-deepseek-v4-pro-resample-delay1-rep2/attempt-02,6.902685075000136,4,15.003241507999974,15.01586883799996,0.0032415079999736918,0.022416064,0,0,0.010423424,0,0,0.011992640,0,0,0,0,0,7,5,True
native-111-he99-deepseek-v4-pro-resample-delay0-rep2,native,HumanEval/99,99,deepseek-v4-pro,resample,0,2,5.0,0,no_candidate,no_candidate,0,complete,,False,,frozen,,,,5.00170619399978,5.015072164999992,0.0017061939997802256,0.011580096,0,0,,,,,,,0.019611328,0,0,3,,True
native-111-he99-deepseek-v4-pro-resample-delay0-rep2,native,HumanEval/99,99,deepseek-v4-pro,resample,0,2,15.0,1,pass,no_candidate,1,complete,,False,,frozen,native-111-he99-deepseek-v4-pro-resample-delay0-rep2/attempt-04,8.187433429999828,4,15.006138409999949,15.021515287999819,0.006138409999948635,0.031191424,0,0,0.014795968,0,0,0.016395456,0,0,0,0,0,7,3,True
native-112-he99-deepseek-flash-repair-delay1-rep2,native,HumanEval/99,99,deepseek-flash,repair,1,2,5.0,0,fail,fail,0,complete,,False,,frozen,native-112-he99-deepseek-flash-repair-delay1-rep2/attempt-01,2.771014187999981,4,5.004059904000087,5.018254530000149,0.0040599040000870446,0.002231232,0,0,0.001138944,0,0,0.001092288,0,0,0.004109952,0,0,2,1,False
native-112-he99-deepseek-flash-repair-delay1-rep2,native,HumanEval/99,99,deepseek-flash,repair,1,2,15.0,1,fail,fail,0,complete,,False,,frozen,native-112-he99-deepseek-flash-repair-delay1-rep2/attempt-01,2.771014187999981,4,15.001264634000108,15.01498492199994,0.0012646340001083445,0.006341184,0,0,0.001138944,0,0,0.005202240,0,0,0,0,0,6,5,False
native-113-he18-deepseek-flash-repair-delay1-rep2,native,HumanEval/18,18,deepseek-flash,repair,1,2,5.0,0,pass,pass,0,complete,,False,,frozen,native-113-he18-deepseek-flash-repair-delay1-rep2/attempt-01,2.7501215429999775,3,5.007686543999853,5.022340876999806,0.007686543999852802,0.003938688,0,0,0.0019008,0,0,0.002037888,0,0,0.007959552,0,0,2,1,False
native-113-he18-deepseek-flash-repair-delay1-rep2,native,HumanEval/18,18,deepseek-flash,repair,1,2,15.0,1,pass,pass,0,complete,,False,,frozen,native-113-he18-deepseek-flash-repair-delay1-rep2/attempt-01,2.7501215429999775,3,15.000694545999977,15.015044955999883,0.000694545999976981,0.011898240,0,0,0.0019008,0,0,0.009997440,0,0,0,0,0,6,5,False
native-114-he18-deepseek-flash-resample-delay1-rep2,native,HumanEval/18,18,deepseek-flash,resample,1,2,5.0,0,pass,pass,0,complete,,False,,frozen,native-114-he18-deepseek-flash-resample-delay1-rep2/attempt-01,2.8545711000001575,3,5.000834110000142,5.014815614000099,0.0008341100001416635,0.0032544,0,0,0.001344,0,0,0.0019104,0,0,0.0077856,0,0,2,1,False
native-114-he18-deepseek-flash-resample-delay1-rep2,native,HumanEval/18,18,deepseek-flash,resample,1,2,15.0,1,pass,pass,0,complete,,False,,frozen,native-114-he18-deepseek-flash-resample-delay1-rep2/attempt-01,2.8545711000001575,3,15.001585256999988,15.016147284999988,0.0015852569999879051,0.0110400,0,0,0.001344,0,0,0.0096960,0,0,0,0,0,6,5,False
native-115-he18-deepseek-flash-repair-delay0-rep2,native,HumanEval/18,18,deepseek-flash,repair,0,2,5.0,0,pass,pass,0,complete,,False,,frozen,native-115-he18-deepseek-flash-repair-delay0-rep2/attempt-01,1.6661067499999263,3,5.001040242999807,5.012261373999991,0.001040242999806651,0.006283776,0,0,0.0019872,0,0,0.004296576,0,0,0.009521472,0,0,3,2,False
native-115-he18-deepseek-flash-repair-delay0-rep2,native,HumanEval/18,18,deepseek-flash,repair,0,2,15.0,1,pass,pass,0,complete,,False,,frozen,native-115-he18-deepseek-flash-repair-delay0-rep2/attempt-01,1.6661067499999263,3,15.000958913999966,15.01337944099987,0.0009589139999661711,0.015805248,0,0,0.0019872,0,0,0.013818048,0,0,0,0,0,8,7,False
native-116-he18-deepseek-v4-pro-repair-delay0-rep2,native,HumanEval/18,18,deepseek-v4-pro,repair,0,2,5.0,0,pass,pass,0,complete,,False,,frozen,native-116-he18-deepseek-v4-pro-repair-delay0-rep2/attempt-01,3.146675554000012,3,5.003173553000124,5.017791769000041,0.0031735530001242296,0.013641408,0,0,0.005916416,0,0,0.007724992,0,0,0.015335232,0,0,2,1,False
native-116-he18-deepseek-v4-pro-repair-delay0-rep2,native,HumanEval/18,18,deepseek-v4-pro,repair,0,2,15.0,1,pass,pass,0,complete,,False,,frozen,native-116-he18-deepseek-v4-pro-repair-delay0-rep2/attempt-01,3.146675554000012,3,15.002723176000018,15.013779223000029,0.002723176000017702,0.028976640,0,0,0.005916416,0,0,0.023060224,0,0,0,0,0,5,4,False
native-117-he18-deepseek-flash-resample-delay0-rep2,native,HumanEval/18,18,deepseek-flash,resample,0,2,5.0,0,pass,pass,0,complete,,False,,frozen,native-117-he18-deepseek-flash-resample-delay0-rep2/attempt-01,2.118448846000092,3,5.062411330000032,5.074499904000049,0.06241133000003174,0.0058080,0,0,0.0019104,0,0,0.0038976,0,0,0.0091488,0,0,3,2,False
native-117-he18-deepseek-flash-resample-delay0-rep2,native,HumanEval/18,18,deepseek-flash,resample,0,2,15.0,1,pass,pass,0,complete,,False,,frozen,native-117-he18-deepseek-flash-resample-delay0-rep2/attempt-01,2.118448846000092,3,15.005282235000095,15.019292776000157,0.00528223500009517,0.0149568,0,0,0.0019104,0,0,0.0130464,0,0,0,0,0,8,7,False
native-118-he18-deepseek-v4-pro-resample-delay1-rep2,native,HumanEval/18,18,deepseek-v4-pro,resample,1,2,5.0,0,pass,pass,0,complete,,False,,frozen,native-118-he18-deepseek-v4-pro-resample-delay1-rep2/attempt-01,3.946113963000016,3,5.004323045000092,5.020883000999902,0.004323045000091952,0.011896192,0,0,0.005948096,0,0,0.005948096,0,0,0.011832832,0,0,2,1,False
native-118-he18-deepseek-v4-pro-resample-delay1-rep2,native,HumanEval/18,18,deepseek-v4-pro,resample,1,2,15.0,1,pass,pass,0,complete,,False,,frozen,native-118-he18-deepseek-v4-pro-resample-delay1-rep2/attempt-01,3.946113963000016,3,15.002432541999951,15.012955260999888,0.0024325419999513542,0.023729024,0,0,0.005948096,0,0,0.017780928,0,0,0,0,0,4,3,False
native-119-he18-deepseek-v4-pro-resample-delay0-rep2,native,HumanEval/18,18,deepseek-v4-pro,resample,0,2,5.0,0,pass,pass,0,complete,,False,,frozen,native-119-he18-deepseek-v4-pro-resample-delay0-rep2/attempt-01,2.96537625499991,3,5.003486072999976,5.017460355999901,0.003486072999976386,0.011896192,0,0,0.005948096,0,0,0.005948096,0,0,0.017844288,0,0,2,1,False
native-119-he18-deepseek-v4-pro-resample-delay0-rep2,native,HumanEval/18,18,deepseek-v4-pro,resample,0,2,15.0,1,pass,pass,0,complete,,False,,frozen,native-119-he18-deepseek-v4-pro-resample-delay0-rep2/attempt-01,2.96537625499991,3,15.002034981999941,15.012869379999984,0.00203498199994101,0.029740480,0,0,0.005948096,0,0,0.023792384,0,0,0,0,0,5,4,False
native-120-he18-deepseek-v4-pro-repair-delay1-rep2,native,HumanEval/18,18,deepseek-v4-pro,repair,1,2,5.0,0,pass,pass,0,complete,,False,,frozen,native-120-he18-deepseek-v4-pro-repair-delay1-rep2/attempt-01,4.122870751999926,3,5.000950652000029,5.015093449999995,0.00095065200002864,0.013567488,0,0,0.005884736,0,0,0.007682752,0,0,0.014080000,0,0,2,1,False
native-120-he18-deepseek-v4-pro-repair-delay1-rep2,native,HumanEval/18,18,deepseek-v4-pro,repair,1,2,15.0,1,pass,pass,0,complete,,False,,frozen,native-120-he18-deepseek-v4-pro-repair-delay1-rep2/attempt-01,4.122870751999926,3,15.003726175999873,15.016034535000017,0.003726175999872794,0.027647488,0,0,0.005884736,0,0,0.021762752,0,0,0,0,0,4,3,False
native-121-he31-deepseek-flash-resample-delay0-rep2,native,HumanEval/31,31,deepseek-flash,resample,0,2,5.0,0,pass,pass,0,complete,,False,,frozen,native-121-he31-deepseek-flash-resample-delay0-rep2/attempt-01,2.3031097709999813,7,5.029722498000183,5.042632752000145,0.029722498000182895,0.0071184,0,0,0.0025296,0,0,0.0045888,0,0,0.0102048,0,0,3,2,False
native-121-he31-deepseek-flash-resample-delay0-rep2,native,HumanEval/31,31,deepseek-flash,resample,0,2,15.0,1,pass,pass,0,complete,,False,,frozen,native-121-he31-deepseek-flash-resample-delay0-rep2/attempt-01,2.3031097709999813,7,15.002867698000045,15.016568831000086,0.0028676980000454932,0.0173232,0,0,0.0025296,0,0,0.0147936,0,0,0,0,0,7,6,False
native-122-he31-deepseek-v4-pro-resample-delay1-rep2,native,HumanEval/31,31,deepseek-v4-pro,resample,1,2,5.0,0,no_candidate,no_candidate,0,complete,,False,,frozen,,,,5.003656602999854,5.017484443000058,0.0036566029998539307,0.005779136,0,0,,,,,,,0.006236032,0,0,1,,True
native-122-he31-deepseek-v4-pro-resample-delay1-rep2,native,HumanEval/31,31,deepseek-v4-pro,resample,1,2,15.0,1,pass,no_candidate,1,complete,,False,,frozen,native-122-he31-deepseek-v4-pro-resample-delay1-rep2/attempt-02,11.627345182999989,7,15.01090330299985,15.02521155799991,0.010903302999849984,0.012015168,0,0,0.008897152,0,0,0.003118016,0,0,0,0,0,3,1,True
native-123-he31-deepseek-v4-pro-repair-delay0-rep2,native,HumanEval/31,31,deepseek-v4-pro,repair,0,2,5.0,0,no_candidate,no_candidate,0,complete,,False,,frozen,,,,5.001017935000164,5.010941290000119,0.0010179350001635612,0.005589056,0,0,,,,,,,0.013491456,0,0,1,,False
native-123-he31-deepseek-v4-pro-repair-delay0-rep2,native,HumanEval/31,31,deepseek-v4-pro,repair,0,2,15.0,1,pass,pass,0,complete,,False,,frozen,native-123-he31-deepseek-v4-pro-repair-delay0-rep2/attempt-01,5.50893000300016,7,15.003706195000177,15.016718786000183,0.003706195000177104,0.019080512,0,0,0.005589056,0,0,0.013491456,0,0,0,0,0,3,2,False
native-124-he31-deepseek-flash-resample-delay1-rep2,native,HumanEval/31,31,deepseek-flash,resample,1,2,5.0,0,pass,pass,0,complete,,False,,frozen,native-124-he31-deepseek-flash-resample-delay1-rep2/attempt-01,3.1789255529997718,7,5.001042890000008,5.014393963999737,0.001042890000007901,0.0048384,0,0,0.0023088,0,0,0.0025296,0,0,0.0065904,0,0,2,1,False
native-124-he31-deepseek-flash-resample-delay1-rep2,native,HumanEval/31,31,deepseek-flash,resample,1,2,15.0,1,pass,pass,0,complete,,False,,frozen,native-124-he31-deepseek-flash-resample-delay1-rep2/attempt-01,3.1789255529997718,7,15.00159087899965,15.014145989999633,0.0015908789996501582,0.0114288,0,0,0.0023088,0,0,0.0091200,0,0,0,0,0,5,4,False
native-125-he31-deepseek-v4-pro-resample-delay0-rep2,native,HumanEval/31,31,deepseek-v4-pro,resample,0,2,5.0,0,no_candidate,no_candidate,0,complete,,False,,frozen,,,,5.047774980000213,5.0590692390001095,0.04777498000021296,0.004606976,0,0,,,,,,,0.013395712,0,0,1,,True
native-125-he31-deepseek-v4-pro-resample-delay0-rep2,native,HumanEval/31,31,deepseek-v4-pro,resample,0,2,15.0,1,no_candidate,no_candidate,0,complete,,False,,frozen,,,,15.001900902000216,15.012808173999929,0.001900902000215865,0.018002688,0,0,,,,,,,0,0,0,3,,True
native-126-he31-deepseek-v4-pro-repair-delay1-rep2,native,HumanEval/31,31,deepseek-v4-pro,repair,1,2,5.0,0,no_candidate,no_candidate,0,complete,,False,,frozen,,,,5.042044476000228,5.056152152999857,0.042044476000228315,0.003276416,0,0,,,,,,,0.013953280,0,0,1,,False
native-126-he31-deepseek-v4-pro-repair-delay1-rep2,native,HumanEval/31,31,deepseek-v4-pro,repair,1,2,15.0,1,pass,pass,0,complete,,False,,frozen,native-126-he31-deepseek-v4-pro-repair-delay1-rep2/attempt-01,7.0338237070000105,7,15.007851874000153,15.021064646000013,0.007851874000152748,0.017229696,0,0,0.003276416,0,0,0.013953280,0,0,0,0,0,3,2,False
native-127-he31-deepseek-flash-repair-delay0-rep2,native,HumanEval/31,31,deepseek-flash,repair,0,2,5.0,0,pass,pass,0,complete,,False,,frozen,native-127-he31-deepseek-flash-repair-delay0-rep2/attempt-01,2.40345263800009,7,5.001787129000149,5.015524502000062,0.0017871290001494344,0.007894464,0,0,0.0025776,0,0,0.005316864,0,0,0.009429504,0,0,3,2,False
native-127-he31-deepseek-flash-repair-delay0-rep2,native,HumanEval/31,31,deepseek-flash,repair,0,2,15.0,1,pass,pass,0,complete,,False,,frozen,native-127-he31-deepseek-flash-repair-delay0-rep2/attempt-01,2.40345263800009,7,15.00218114900008,15.012847172999955,0.0021811490000800404,0.017323968,0,0,0.0025776,0,0,0.014746368,0,0,0,0,0,7,6,False
native-128-he31-deepseek-flash-repair-delay1-rep2,native,HumanEval/31,31,deepseek-flash,repair,1,2,5.0,0,pass,pass,0,complete,,False,,frozen,native-128-he31-deepseek-flash-repair-delay1-rep2/attempt-01,3.1989459989999887,7,5.001421015000233,5.013907999999901,0.0014210150002327282,0.004886976,0,0,0.0025296,0,0,0.002357376,0,0,0.007072128,0,0,2,1,False
native-128-he31-deepseek-flash-repair-delay1-rep2,native,HumanEval/31,31,deepseek-flash,repair,1,2,15.0,1,pass,pass,0,complete,,False,,frozen,native-128-he31-deepseek-flash-repair-delay1-rep2/attempt-01,3.1989459989999887,7,15.001038789000177,15.01273838599991,0.001038789000176621,0.011959104,0,0,0.0025296,0,0,0.009429504,0,0,0,0,0,5,4,False
common-129-he99-deepseek-v4-pro-resample-delay1-rep1,common,HumanEval/99,99,deepseek-v4-pro,resample,1,1,5.0,0,pass,pass,0,complete,,False,,frozen,common-129-he99-deepseek-v4-pro-resample-delay1-rep1/attempt-01,3.9656232739998813,4,5.001220330999786,5.016772722999576,0.0012203309997858014,0.008807744,0,0,0.002012032,0,0,0.006795712,0,0,0.014922688,0,0,2,1,
common-129-he99-deepseek-v4-pro-resample-delay1-rep1,common,HumanEval/99,99,deepseek-v4-pro,resample,1,1,15.0,1,pass,pass,0,complete,,False,,frozen,common-129-he99-deepseek-v4-pro-resample-delay1-rep1/attempt-01,3.9656232739998813,4,15.005556831999911,15.017014670999743,0.005556831999911083,0.023730432,0,0,0.002012032,0,0,0.021718400,0,0,0,0,0,6,5,
common-130-he99-deepseek-flash-repair-delay0-rep1,common,HumanEval/99,99,deepseek-flash,repair,0,1,5.0,0,fail,fail,0,complete,,False,,frozen,common-130-he99-deepseek-flash-repair-delay0-rep1/attempt-01,2.0013934399999016,4,5.007256380999934,5.021199147000061,0.007256380999933754,0.004026912,0,0,0.001437888,0,0,0.002589024,0,0,0.005789280,0,0,3,2,
common-130-he99-deepseek-flash-repair-delay0-rep1,common,HumanEval/99,99,deepseek-flash,repair,0,1,15.0,1,fail,fail,0,complete,,False,,frozen,common-130-he99-deepseek-flash-repair-delay0-rep1/attempt-01,2.0013934399999016,4,15.002393311000105,15.014857194999877,0.0023933110001053137,0.009816192,0,0,0.001437888,0,0,0.008378304,0,0,0,0,0,8,7,
common-131-he99-deepseek-v4-pro-resample-delay0-rep1,common,HumanEval/99,99,deepseek-v4-pro,resample,0,1,5.0,0,fail,no_candidate,0,complete,,False,,frozen,common-seed,0.0,3,5.0092463649998535,5.022797655999966,0.00924636499985354,0.010360064,0,0,0,0,0,0.010360064,0,0,0.014605888,0,0,2,2,
common-131-he99-deepseek-v4-pro-resample-delay0-rep1,common,HumanEval/99,99,deepseek-v4-pro,resample,0,1,15.0,1,pass,no_candidate,1,complete,,False,,frozen,common-131-he99-deepseek-v4-pro-resample-delay0-rep1/attempt-02,6.1857640359999095,4,15.00369644500006,15.017805932000101,0.0036964450000596116,0.024965952,0,0,0.010360064,0,0,0.014605888,0,0,0,0,0,6,4,
common-132-he99-deepseek-v4-pro-repair-delay1-rep1,common,HumanEval/99,99,deepseek-v4-pro,repair,1,1,5.0,0,pass,pass,0,complete,,False,,frozen,common-132-he99-deepseek-v4-pro-repair-delay1-rep1/attempt-01,3.3635555109999586,4,5.028467303999605,5.039968305000002,0.028467303999605065,0.007416640,0,0,0.004567552,0,0,0.002849088,0,0,0.008547264,0,0,2,1,
common-132-he99-deepseek-v4-pro-repair-delay1-rep1,common,HumanEval/99,99,deepseek-v4-pro,repair,1,1,15.0,1,pass,pass,0,complete,,False,,frozen,common-132-he99-deepseek-v4-pro-repair-delay1-rep1/attempt-01,3.3635555109999586,4,15.008648055999856,15.021198072999596,0.008648055999856297,0.015963904,0,0,0.004567552,0,0,0.011396352,0,0,0,0,0,5,4,
common-133-he99-deepseek-flash-resample-delay1-rep1,common,HumanEval/99,99,deepseek-flash,resample,1,1,5.0,0,pass,pass,0,complete,,False,,frozen,common-133-he99-deepseek-flash-resample-delay1-rep1/attempt-01,2.9562776380003015,4,5.006810539000071,5.017654396000125,0.006810539000071003,0.001951488,0,0,0.001119744,0,0,0.000831744,0,0,0.004574976,0,0,2,1,
common-133-he99-deepseek-flash-resample-delay1-rep1,common,HumanEval/99,99,deepseek-flash,resample,1,1,15.0,1,pass,pass,0,complete,,False,,frozen,common-133-he99-deepseek-flash-resample-delay1-rep1/attempt-01,2.9562776380003015,4,15.007712241000263,15.021329226000034,0.00771224100026302,0.006526464,0,0,0.001119744,0,0,0.005406720,0,0,0,0,0,6,5,
common-134-he99-deepseek-v4-pro-repair-delay0-rep1,common,HumanEval/99,99,deepseek-v4-pro,repair,0,1,5.0,0,fail,fail,0,complete,,False,,frozen,common-seed,0.0,3,5.052978221000103,5.0642722359998515,0.052978221000103076,0.006379648,0,0,0,0,0,0.006379648,0,0,0.013350656,0,0,2,2,
common-134-he99-deepseek-v4-pro-repair-delay0-rep1,common,HumanEval/99,99,deepseek-v4-pro,repair,0,1,15.0,1,pass,fail,1,complete,,False,,frozen,common-134-he99-deepseek-v4-pro-repair-delay0-rep1/attempt-03,7.418810628999836,4,15.000531568000042,15.01162014700003,0.0005315680000421708,0.019730304,0,0,0.008333952,0,0,0.011396352,0,0,0,0,0,7,4,
common-135-he99-deepseek-flash-repair-delay1-rep1,common,HumanEval/99,99,deepseek-flash,repair,1,1,5.0,0,fail,fail,0,complete,,False,,frozen,common-135-he99-deepseek-flash-repair-delay1-rep1/attempt-01,3.08161151000013,4,5.001357467000162,5.014731546999883,0.001357467000161705,0.002639520,0,0,0.001194432,0,0,0.001445088,0,0,0.004585536,0,0,2,1,
common-135-he99-deepseek-flash-repair-delay1-rep1,common,HumanEval/99,99,deepseek-flash,repair,1,1,15.0,1,fail,fail,0,complete,,False,,frozen,common-135-he99-deepseek-flash-repair-delay1-rep1/attempt-01,3.08161151000013,4,15.004784410999946,15.017746775999967,0.004784410999945976,0.007225056,0,0,0.001194432,0,0,0.006030624,0,0,0,0,0,6,5,
common-136-he99-deepseek-flash-resample-delay0-rep1,common,HumanEval/99,99,deepseek-flash,resample,0,1,5.0,0,fail,fail,0,complete,,False,,frozen,common-136-he99-deepseek-flash-resample-delay0-rep1/attempt-01,2.0761114140000245,4,5.000640931999897,5.0134172480002235,0.0006409319998965657,0.002495232,0,0,0.000831744,0,0,0.001663488,0,0,0.004846464,0,0,3,2,
common-136-he99-deepseek-flash-resample-delay0-rep1,common,HumanEval/99,99,deepseek-flash,resample,0,1,15.0,1,fail,fail,0,complete,,False,,frozen,common-136-he99-deepseek-flash-resample-delay0-rep1/attempt-01,2.0761114140000245,4,15.000862624000092,15.011497052000323,0.0008626240000921825,0.007341696,0,0,0.000831744,0,0,0.006509952,0,0,0,0,0,9,8,
common-137-he99-deepseek-flash-resample-delay0-rep2,common,HumanEval/99,99,deepseek-flash,resample,0,2,5.0,0,fail,fail,0,complete,,False,,frozen,common-137-he99-deepseek-flash-resample-delay0-rep2/attempt-01,1.525171938999847,4,5.0080097049999495,5.018936189999749,0.008009704999949463,0.003240576,0,0,0.000793344,0,0,0.002447232,0,0,0.005233920,0,0,4,3,
common-137-he99-deepseek-flash-resample-delay0-rep2,common,HumanEval/99,99,deepseek-flash,resample,0,2,15.0,1,fail,fail,0,complete,,False,,frozen,common-137-he99-deepseek-flash-resample-delay0-rep2/attempt-01,1.525171938999847,4,15.000384022999697,15.01266812799986,0.0003840229996967537,0.008474496,0,0,0.000793344,0,0,0.007681152,0,0,0,0,0,9,8,
common-138-he99-deepseek-flash-repair-delay1-rep2,common,HumanEval/99,99,deepseek-flash,repair,1,2,5.0,0,fail,fail,0,complete,,False,,frozen,common-138-he99-deepseek-flash-repair-delay1-rep2/attempt-01,3.0698589660000835,4,5.001286225000058,5.0132423330001075,0.0012862250000580389,0.002569920,0,0,0.001146432,0,0,0.001423488,0,0,0.005617152,0,0,2,1,
common-138-he99-deepseek-flash-repair-delay1-rep2,common,HumanEval/99,99,deepseek-flash,repair,1,2,15.0,1,fail,fail,0,complete,,False,,frozen,common-138-he99-deepseek-flash-repair-delay1-rep2/attempt-01,3.0698589660000835,4,15.004742946000079,15.015932747000079,0.004742946000078518,0.008187072,0,0,0.001146432,0,0,0.007040640,0,0,0,0,0,6,5,
common-139-he99-deepseek-v4-pro-repair-delay0-rep2,common,HumanEval/99,99,deepseek-v4-pro,repair,0,2,5.0,0,fail,fail,0,complete,,False,,frozen,common-seed,0.0,3,5.000887558000159,5.014168101999985,0.0008875580001586059,0.005049088,0,0,0,0,0,0.005049088,0,0,0.015507008,0,0,2,2,
common-139-he99-deepseek-v4-pro-repair-delay0-rep2,common,HumanEval/99,99,deepseek-v4-pro,repair,0,2,15.0,1,pass,fail,1,complete,,False,,frozen,common-139-he99-deepseek-v4-pro-repair-delay0-rep2/attempt-02,5.079059038000196,4,15.008204016000036,15.02362081299998,0.008204016000036063,0.020556096,0,0,0.005049088,0,0,0.015507008,0,0,0,0,0,7,5,
common-140-he99-deepseek-flash-resample-delay1-rep2,common,HumanEval/99,99,deepseek-flash,resample,1,2,5.0,0,fail,fail,0,complete,,False,,frozen,common-140-he99-deepseek-flash-resample-delay1-rep2/attempt-01,2.9396476199999597,4,5.001790747000086,5.014825128000211,0.0017907470000864123,0.001961088,0,0,0.001129344,0,0,0.000831744,0,0,0.003288576,0,0,2,1,
common-140-he99-deepseek-flash-resample-delay1-rep2,common,HumanEval/99,99,deepseek-flash,resample,1,2,15.0,1,fail,fail,0,complete,,False,,frozen,common-140-he99-deepseek-flash-resample-delay1-rep2/attempt-01,2.9396476199999597,4,15.001121775000229,15.01359441700015,0.0011217750002288085,0.005249664,0,0,0.001129344,0,0,0.004120320,0,0,0,0,0,6,5,
common-141-he99-deepseek-v4-pro-repair-delay1-rep2,common,HumanEval/99,99,deepseek-v4-pro,repair,1,2,5.0,0,fail,fail,0,complete,,False,,frozen,common-seed,0.0,3,5.001356939999823,5.014042053000139,0.0013569399998232257,0.009542016,0,0,0,0,0,0.009542016,0,0,0.015128256,0,0,2,2,
common-141-he99-deepseek-v4-pro-repair-delay1-rep2,common,HumanEval/99,99,deepseek-v4-pro,repair,1,2,15.0,1,pass,fail,1,complete,,False,,frozen,common-141-he99-deepseek-v4-pro-repair-delay1-rep2/attempt-04,13.467128228000092,4,15.00148757099987,15.014600609999889,0.0014875709998705133,0.024670272,0,0,0.020504000,0,0,0.004166272,0,0,0,0,0,5,1,
common-142-he99-deepseek-v4-pro-resample-delay0-rep2,common,HumanEval/99,99,deepseek-v4-pro,resample,0,2,5.0,0,pass,no_candidate,1,complete,,False,,frozen,common-142-he99-deepseek-v4-pro-resample-delay0-rep2/attempt-02,4.732168168000044,4,5.0067888600001424,5.019000508999852,0.006788860000142449,0.010693056,0,0,0.008522624,0,0,0.002170432,0,0,0.021797248,0,0,3,1,
common-142-he99-deepseek-v4-pro-resample-delay0-rep2,common,HumanEval/99,99,deepseek-v4-pro,resample,0,2,15.0,1,pass,no_candidate,1,complete,,False,,frozen,common-142-he99-deepseek-v4-pro-resample-delay0-rep2/attempt-02,4.732168168000044,4,15.007784547000028,15.022279417999925,0.007784547000028397,0.032490304,0,0,0.008522624,0,0,0.023967680,0,0,0,0,0,7,5,
common-143-he99-deepseek-flash-repair-delay0-rep2,common,HumanEval/99,99,deepseek-flash,repair,0,2,5.0,0,fail,fail,0,complete,,False,,frozen,common-143-he99-deepseek-flash-repair-delay0-rep2/attempt-01,1.9451232829997025,4,5.0007938629996715,5.012594114999956,0.0007938629996715463,0.003467904,0,0,0.001175232,0,0,0.002292672,0,0,0.005712480,0,0,3,2,
common-143-he99-deepseek-flash-repair-delay0-rep2,common,HumanEval/99,99,deepseek-flash,repair,0,2,15.0,1,fail,fail,0,complete,,False,,frozen,common-143-he99-deepseek-flash-repair-delay0-rep2/attempt-01,1.9451232829997025,4,15.000557537999612,15.011921771999823,0.0005575379996116681,0.009180384,0,0,0.001175232,0,0,0.008005152,0,0,0,0,0,8,7,
common-144-he99-deepseek-v4-pro-resample-delay1-rep2,common,HumanEval/99,99,deepseek-v4-pro,resample,1,2,5.0,0,pass,pass,0,complete,,False,,frozen,common-144-he99-deepseek-v4-pro-resample-delay1-rep2/attempt-01,4.238348003999818,4,5.0041558190000615,5.015538381999704,0.004155819000061456,0.011215424,0,0,0.004863232,0,0,0.006352192,0,0,0.015001536,0,0,2,1,
common-144-he99-deepseek-v4-pro-resample-delay1-rep2,common,HumanEval/99,99,deepseek-v4-pro,resample,1,2,15.0,1,pass,pass,0,complete,,False,,frozen,common-144-he99-deepseek-v4-pro-resample-delay1-rep2/attempt-01,4.238348003999818,4,15.008884792999652,15.02523763499994,0.008884792999651836,0.026216960,0,0,0.004863232,0,0,0.021353728,0,0,0,0,0,5,4,
